4.000000000000003553e-02,5.499999999999999334e-01,1.000000000000000000e+00,1.000000000000000000e+00,0.000000000000000000e+00,0.000000000000000000e+00,0.000000000000000000e+00
4.091656775152108239e-02,5.405451308741188177e-01,9.999999999999998890e-01,9.999649404660615470e-01,0.000000000000000000e+00,0.000000000000000000e+00,8.373639513732095488e-03
4.199134474751864410e-02,5.311069371359322666e-01,1.000000000000000000e+00,9.998597643225881626e-01,0.000000000000000000e+00,0.000000000000000000e+00,1.674669187566675196e-02
4.322402954383208762e-02,5.216880659284253152e-01,1.000000000000000000e+00,9.996844789444327972e-01,0.000000000000000000e+00,0.000000000000000000e+00,2.511856997517706441e-02
4.461427640768689251e-02,5.122911589751660832e-01,9.999999999999998890e-01,9.994390966224430128e-01,0.000000000000000000e+00,0.000000000000000000e+00,3.348868678397431270e-02
4.616169541466141890e-02,5.029188518393792329e-01,9.999999999999998890e-01,9.991236345625982285e-01,0.000000000000000000e+00,0.000000000000000000e+00,4.185645539726985664e-02
4.786585255805053674e-02,4.935737731847447685e-01,1.000000000000000000e+00,9.987381148848042400e-01,0.000000000000000000e+00,0.000000000000000000e+00,5.022128907492831584e-02
4.972626987059125536e-02,4.842585440381340089e-01,9.999999999999998890e-01,9.982825646213414617e-01,0.000000000000000000e+00,0.000000000000000000e+00,5.858260128260926042e-02
5.174242555851960024e-02,4.749757770544860702e-01,1.000000000000000000e+00,9.977570157149697749e-01,0.000000000000000000e+00,0.000000000000000000e+00,6.693980573289447233e-02
5.391375414791754750e-02,4.657280757840335239e-01,1.000000000000000000e+00,9.971615050166884320e-01,0.000000000000000000e+00,0.000000000000000000e+00,7.529231642639783173e-02
5.623964664331471131e-02,4.565180339420805700e-01,9.999999999999998890e-01,9.964960742831526774e-01,0.000000000000000000e+00,0.000000000000000000e+00,8.363954769285508739e-02
5.871945069849138221e-02,4.473482346815406685e-01,1.000000000000000000e+00,9.957607701737453132e-01,0.000000000000000000e+00,0.000000000000000000e+00,9.198091423219048601e-02
6.135247079944450288e-02,4.382212498684359137e-01,1.000000000000000000e+00,9.949556442473049822e-01,0.000000000000000000e+00,0.000000000000000000e+00,1.003158311555574361e-01
6.413796845945873848e-02,4.291396393605622084e-01,9.999999999999998890e-01,9.940807529585111713e-01,0.000000000000000000e+00,0.000000000000000000e+00,1.086437140263504797e-01
6.707516242623245972e-02,4.201059502895227449e-01,9.999999999999998890e-01,9.931361576539255998e-01,0.000000000000000000e+00,0.000000000000000000e+00,1.169639789011853309e-01
7.016322890099357945e-02,4.111227163463302414e-01,1.000000000000000222e+00,9.921219245676906606e-01,0.000000000000000000e+00,0.000000000000000000e+00,1.252760423708444426e-01
7.340130176955417252e-02,4.021924570707796076e-01,1.000000000000000000e+00,9.910381248168846913e-01,0.000000000000000000e+00,0.000000000000000000e+00,1.335793216011852136e-01
7.678847284523027117e-02,3.933176771447886022e-01,9.999999999999998890e-01,9.898848343965361840e-01,0.000000000000000000e+00,0.000000000000000000e+00,1.418732343740077007e-01
8.032379212356088871e-02,3.845008656899069344e-01,1.000000000000000000e+00,9.886621341742943825e-01,0.000000000000000000e+00,0.000000000000000000e+00,1.501571991278791707e-01
8.400626804875843678e-02,3.757444955691885413e-01,1.000000000000000000e+00,9.873701098847590396e-01,0.000000000000000000e+00,0.000000000000000000e+00,1.584306349989128837e-01
8.783486779181082227e-02,3.670510226936246068e-01,1.000000000000000000e+00,9.860088521234692260e-01,0.000000000000000000e+00,0.000000000000000000e+00,1.666929618614972353e-01
9.180851754016150501e-02,3.584228853333306652e-01,1.000000000000000000e+00,9.845784563405501899e-01,0.000000000000000000e+00,0.000000000000000000e+00,1.749436003689742447e-01
9.592610279888158509e-02,3.498625034336814710e-01,1.000000000000000000e+00,9.830790228340208214e-01,0.000000000000000000e+00,0.000000000000000000e+00,1.831819719942624214e-01
1.001864687032550938e-01,3.413722779365866433e-01,1.000000000000000000e+00,9.815106567427611672e-01,0.000000000000000000e+00,0.000000000000000000e+00,1.914074990704224544e-01
1.045884203426846737e-01,3.329545901070938840e-01,9.999999999999998890e-01,9.798734680391393281e-01,0.000000000000000000e+00,0.000000000000000000e+00,1.996196048311630333e-01
1.091307230958302732e-01,3.246118008655132225e-01,1.000000000000000000e+00,9.781675715213015154e-01,0.000000000000000000e+00,0.000000000000000000e+00,2.078177134512829149e-01
1.138121029768844883e-01,3.163462501252461423e-01,1.000000000000000000e+00,9.763930868051211576e-01,0.000000000000000000e+00,0.000000000000000000e+00,2.160012500870472918e-01
1.186312469928900715e-01,3.081602561365074933e-01,1.000000000000000000e+00,9.745501383158126085e-01,0.000000000000000000e+00,0.000000000000000000e+00,2.241696409164953552e-01
1.235868035119954689e-01,3.000561148361216013e-01,9.999999999999998890e-01,9.726388552792061271e-01,0.000000000000000000e+00,0.000000000000000000e+00,2.323223131796760543e-01
1.286773826425497980e-01,2.920360992035785919e-01,1.000000000000000000e+00,9.706593717126866805e-01,0.000000000000000000e+00,0.000000000000000000e+00,2.404586952188095816e-01
1.339015566229275755e-01,2.841024586235288973e-01,1.000000000000000000e+00,9.686118264157967950e-01,0.000000000000000000e+00,0.000000000000000000e+00,2.485782165183715031e-01
1.392578602219746164e-01,2.762574182548944712e-01,1.000000000000000000e+00,9.664963629605041184e-01,0.000000000000000000e+00,0.000000000000000000e+00,2.566803077450966475e-01
1.447447911499638584e-01,2.685031784067762328e-01,1.000000000000000000e+00,9.643131296811342512e-01,0.000000000000000000e+00,0.000000000000000000e+00,2.647644007879003669e-01
1.503608104799438738e-01,2.608419139213301596e-01,9.999999999999998890e-01,9.620622796639697327e-01,0.000000000000000000e+00,0.000000000000000000e+00,2.728299287977138388e-01
1.561043430793643827e-01,2.532757735637858887e-01,9.999999999999998890e-01,9.597439707365157391e-01,0.000000000000000000e+00,0.000000000000000000e+00,2.808763262272311323e-01
1.619737780518561987e-01,2.458068794197802998e-01,1.000000000000000000e+00,9.573583654564332690e-01,0.000000000000000000e+00,0.000000000000000000e+00,2.889030288705646821e-01
1.679674691890402638e-01,2.384373263001731136e-01,1.000000000000000000e+00,9.549056311001409281e-01,0.000000000000000000e+00,0.000000000000000000e+00,2.969094739028070307e-01
1.740837354322426478e-01,2.311691811535123708e-01,9.999999999999998890e-01,9.523859396510853115e-01,0.000000000000000000e+00,0.000000000000000000e+00,3.048950999194955935e-01
1.803208613439842845e-01,2.240044824863141604e-01,1.000000000000000222e+00,9.497994677876825387e-01,0.000000000000000000e+00,0.000000000000000000e+00,3.128593469759775036e-01
1.866770975891097750e-01,2.169452397913205766e-01,9.999999999999998890e-01,9.471463968709283865e-01,0.000000000000000000e+00,0.000000000000000000e+00,3.208016566266728153e-01
1.931506614254283605e-01,2.099934329838946123e-01,1.000000000000000000e+00,9.444269129316829048e-01,0.000000000000000000e+00,0.000000000000000000e+00,3.287214719642322369e-01
1.997397372037205132e-01,2.031510118467095283e-01,1.000000000000000000e+00,9.416412066576247408e-01,0.000000000000000000e+00,0.000000000000000000e+00,3.366182376585863945e-01
2.064424768769750340e-01,1.964198954828925703e-01,1.000000000000000000e+00,9.387894733798812785e-01,0.000000000000000000e+00,0.000000000000000000e+00,3.444913999958855166e-01
2.132570005187151008e-01,1.898019717777692517e-01,1.000000000000000000e+00,9.358719130593318170e-01,0.000000000000000000e+00,0.000000000000000000e+00,3.523404069173253772e-01
2.201813968502628338e-01,1.832990968693673506e-01,1.000000000000000000e+00,9.328887302725865638e-01,0.000000000000000000e+00,0.000000000000000000e+00,3.601647080578569415e-01
2.272137237767967166e-01,1.769130946278229533e-01,9.999999999999998890e-01,9.298401341976416656e-01,0.000000000000000000e+00,0.000000000000000000e+00,3.679637547847772194e-01
2.343520089320569877e-01,1.706457561438363690e-01,1.000000000000000000e+00,9.267263385992124958e-01,0.000000000000000000e+00,0.000000000000000000e+00,3.757370002361995476e-01
2.415942502315350238e-01,1.644988392263233012e-01,1.000000000000000000e+00,9.235475618137437559e-01,0.000000000000000000e+00,0.000000000000000000e+00,3.834838993593984724e-01
2.489384164340009420e-01,1.584740679094001070e-01,1.000000000000000000e+00,9.203040267341006109e-01,0.000000000000000000e+00,0.000000000000000000e+00,3.912039089490285670e-01
2.563824477112103262e-01,1.525731319688400367e-01,1.000000000000000000e+00,9.169959607939396351e-01,0.000000000000000000e+00,0.000000000000000000e+00,3.988964876852132968e-01
2.639242562256259861e-01,1.467976864481410626e-01,1.000000000000000000e+00,9.136235959517609029e-01,0.000000000000000000e+00,0.000000000000000000e+00,4.065610961715022120e-01
2.715617267159950998e-01,1.411493511943332502e-01,1.000000000000000000e+00,9.101871686746437762e-01,0.000000000000000000e+00,0.000000000000000000e+00,4.141971969726926384e-01
2.792927170906223111e-01,1.356297104036578993e-01,1.000000000000000000e+00,9.066869199216657238e-01,0.000000000000000000e+00,0.000000000000000000e+00,4.218042546525140879e-01
2.871150590281632553e-01,1.302403121772454098e-01,9.999999999999998890e-01,9.031230951270066143e-01,0.000000000000000000e+00,0.000000000000000000e+00,4.293817358111728377e-01
2.950265585857764772e-01,1.249826680869181583e-01,1.000000000000000000e+00,8.994959441827390378e-01,0.000000000000000000e+00,0.000000000000000000e+00,4.369291091227532342e-01
3.030249968144625439e-01,1.198582527512372931e-01,1.000000000000000000e+00,8.958057214213064334e-01,0.000000000000000000e+00,0.000000000000000000e+00,4.444458453724735580e-01
3.111081303814151044e-01,1.148685034219149026e-01,9.999999999999998890e-01,8.920526855976890213e-01,0.000000000000000000e+00,0.000000000000000000e+00,4.519314174937946738e-01
3.192736921992110899e-01,1.100148195807052476e-01,9.999999999999998890e-01,8.882370998712605381e-01,0.000000000000000000e+00,0.000000000000000000e+00,4.593853006053768007e-01
3.275193920616650267e-01,1.052985625468914055e-01,1.000000000000000000e+00,8.843592317873353315e-01,0.000000000000000000e+00,0.000000000000000000e+00,4.668069720478842388e-01
3.358429172861644441e-01,1.007210550954732442e-01,1.000000000000000000e+00,8.804193532584089210e-01,0.000000000000000000e+00,0.000000000000000000e+00,4.741959114206332759e-01
3.442419333623132904e-01,9.628358108616741351e-02,1.000000000000000000e+00,8.764177405450912506e-01,0.000000000000000000e+00,0.000000000000000000e+00,4.815516006180824427e-01
3.527140846066929569e-01,9.198738510332149509e-02,1.000000000000000000e+00,8.723546742367358497e-01,0.000000000000000000e+00,0.000000000000000000e+00,4.888735238661616744e-01
3.612569948235660466e-01,8.783367210684300819e-02,1.000000000000000000e+00,8.682304392317649055e-01,0.000000000000000000e+00,0.000000000000000000e+00,4.961611677584376046e-01
3.698682679713297117e-01,8.382360709424374612e-02,1.000000000000000000e+00,8.640453247176927976e-01,0.000000000000000000e+00,0.000000000000000000e+00,5.034140212921137669e-01
3.785454888345375912e-01,7.995831477389092612e-02,1.000000000000000000e+00,8.597996241508480963e-01,0.000000000000000000e+00,0.000000000000000000e+00,5.106315759038607682e-01
3.872862237012980602e-01,7.623887924955830009e-02,1.000000000000000000e+00,8.554936352357971341e-01,0.000000000000000000e+00,0.000000000000000000e+00,5.178133255054768735e-01
3.960880210458606054e-01,7.266634371636659928e-02,1.000000000000000000e+00,8.511276599044688140e-01,0.000000000000000000e+00,0.000000000000000000e+00,5.249587665193742314e-01
4.049484122161993715e-01,6.924171016819669067e-02,1.000000000000000000e+00,8.467020042949837677e-01,0.000000000000000000e+00,0.000000000000000000e+00,5.320673979138895726e-01
4.138649121263988095e-01,6.596593911665993293e-02,1.000000000000000000e+00,8.422169787301880817e-01,0.000000000000000000e+00,0.000000000000000000e+00,5.391387212384155525e-01
4.228350199536481946e-01,6.283994932170144931e-02,1.000000000000000000e+00,8.376728976958938144e-01,0.000000000000000000e+00,0.000000000000000000e+00,5.461722406583519041e-01
4.318562198396527219e-01,5.986461753391358886e-02,1.000000000000000000e+00,8.330700798188273026e-01,0.000000000000000000e+00,0.000000000000000000e+00,5.531674629898731821e-01
4.409259815962581208e-01,5.704077824863451607e-02,1.000000000000000000e+00,8.284088478442879211e-01,0.000000000000000000e+00,0.000000000000000000e+00,5.601238977345096570e-01
4.500417614150967749e-01,5.436922347189376836e-02,1.000000000000000222e+00,8.236895286135167416e-01,0.000000000000000000e+00,0.000000000000000000e+00,5.670410571135415800e-01
4.592010025810521756e-01,5.185070249827949951e-02,1.000000000000000000e+00,8.189124530407790870e-01,0.000000000000000000e+00,0.000000000000000000e+00,5.739184561022008246e-01
4.684011361893455350e-01,4.948592170078136565e-02,1.000000000000000000e+00,8.140779560901616474e-01,0.000000000000000000e+00,0.000000000000000000e+00,5.807556124636806816e-01
4.776395818660395531e-01,4.727554433267311396e-02,1.000000000000000000e+00,8.091863767520839357e-01,0.000000000000000000e+00,0.000000000000000000e+00,5.875520467829504767e-01
4.869137484917582803e-01,4.522019034149038497e-02,9.999999999999998890e-01,8.042380580195298556e-01,0.000000000000000000e+00,0.000000000000000000e+00,5.943072825003705706e-01
4.962210349284236766e-01,4.332043619515124622e-02,1.000000000000000000e+00,7.992333468639962746e-01,0.000000000000000000e+00,0.000000000000000000e+00,6.010208459451094054e-01
5.055588307487991484e-01,4.157681472027519032e-02,1.000000000000000000e+00,7.941725942111645953e-01,0.000000000000000000e+00,0.000000000000000000e+00,6.076922663683560488e-01
5.149245169686395007e-01,3.998981495273956632e-02,1.000000000000000000e+00,7.890561549162933286e-01,0.000000000000000000e+00,0.000000000000000000e+00,6.143210759763289008e-01
5.243154667812425229e-01,3.855988200051885251e-02,1.000000000000000000e+00,7.838843877393369963e-01,0.000000000000000000e+00,0.000000000000000000e+00,6.209068099630772330e-01
5.337290462941900460e-01,3.728741691884629450e-02,1.000000000000000000e+00,7.786576553197890327e-01,0.000000000000000000e+00,0.000000000000000000e+00,6.274490065430724517e-01
5.431626152680835151e-01,3.617277659772655252e-02,1.000000000000000000e+00,7.733763241512549014e-01,0.000000000000000000e+00,0.000000000000000000e+00,6.339472069835887513e-01
5.526135278570512011e-01,3.521627366184143515e-02,1.000000000000000000e+00,7.680407645557533192e-01,0.000000000000000000e+00,0.000000000000000000e+00,6.404009556368681633e-01
5.620791333508357024e-01,3.441817638286437386e-02,1.000000000000000000e+00,7.626513506577494717e-01,0.000000000000000000e+00,0.000000000000000000e+00,6.468097999720709979e-01
5.715567769182390290e-01,3.377870860422094168e-02,1.000000000000000000e+00,7.572084603579227746e-01,0.000000000000000000e+00,0.000000000000000000e+00,6.531732906070059075e-01
5.810438003517297556e-01,3.329804967830563012e-02,9.999999999999998890e-01,7.517124753066671827e-01,0.000000000000000000e+00,0.000000000000000000e+00,6.594909813396413467e-01
5.905375428129926441e-01,3.297633441617808803e-02,1.000000000000000000e+00,7.461637808773315950e-01,0.000000000000000000e+00,0.000000000000000000e+00,6.657624291793924343e-01
6.000353415792166745e-01,3.281365304975392139e-02,1.000000000000000000e+00,7.405627661391973593e-01,0.000000000000000000e+00,0.000000000000000000e+00,6.719871943781818846e-01
6.095345327899144294e-01,3.281005120649638229e-02,1.000000000000000000e+00,7.349098238301973174e-01,0.000000000000000000e+00,0.000000000000000000e+00,6.781648404612763414e-01
6.190324521940567815e-01,3.296552989661949429e-02,1.000000000000000000e+00,7.292053503293766115e-01,0.000000000000000000e+00,0.000000000000000000e+00,6.842949342578907856e-01
6.285264358973207122e-01,3.328004551280427936e-02,9.999999999999998890e-01,7.234497456291001383e-01,0.000000000000000000e+00,0.000000000000000000e+00,6.903770459315621277e-01
6.380138211092345468e-01,3.375350984242964092e-02,1.000000000000000000e+00,7.176434133070043186e-01,0.000000000000000000e+00,0.000000000000000000e+00,6.964107490102893205e-01
6.474919468900138808e-01,3.438579009231379491e-02,9.999999999999998890e-01,7.117867604976995111e-01,0.000000000000000000e+00,0.000000000000000000e+00,7.023956204164363282e-01
6.569581548968801421e-01,3.517670892595803345e-02,1.000000000000000000e+00,7.058801978642215147e-01,0.000000000000000000e+00,0.000000000000000000e+00,7.083312404963990616e-01
6.664097901296479609e-01,3.612604451328615962e-02,1.000000000000000000e+00,6.999241395692364920e-01,0.000000000000000000e+00,0.000000000000000000e+00,7.142171930500300636e-01
6.758442016753788417e-01,3.723353059285949840e-02,9.999999999999998890e-01,6.939190032460003099e-01,0.000000000000000000e+00,0.000000000000000000e+00,7.200530653598228303e-01
6.852587434518845333e-01,3.849885654655649248e-02,1.000000000000000000e+00,6.878652099690746313e-01,0.000000000000000000e+00,0.000000000000000000e+00,7.258384482198506626e-01
6.946507749498778139e-01,3.992166748669301324e-02,1.000000000000000000e+00,6.817631842248008667e-01,0.000000000000000000e+00,0.000000000000000000e+00,7.315729359644602692e-01
7.040176619735596386e-01,4.150156435555718559e-02,1.000000000000000000e+00,6.756133538815366490e-01,0.000000000000000000e+00,0.000000000000000000e+00,7.372561264967159023e-01
