-9.999999999999997780e-02,5.499999999999999334e-01,1.000000000000000000e+00,1.000000000000000000e+00,0.000000000000000000e+00,0.000000000000000000e+00,0.000000000000000000e+00
-1.009158665731340054e-01,5.406288643334971056e-01,9.999999999999998890e-01,9.999649404660615470e-01,0.000000000000000000e+00,0.000000000000000000e+00,-8.373639513732095488e-03
-1.019885402306305311e-01,5.312743805698522115e-01,1.000000000000000000e+00,9.998597643225881626e-01,0.000000000000000000e+00,0.000000000000000000e+00,-1.674669187566675196e-02
-1.032177201182559179e-01,5.219391723737999422e-01,1.000000000000000000e+00,9.996844789444327972e-01,0.000000000000000000e+00,0.000000000000000000e+00,-2.511856997517706441e-02
-1.046030614862616392e-01,5.126258580038305368e-01,9.999999999999998890e-01,9.994390966224430128e-01,0.000000000000000000e+00,0.000000000000000000e+00,-3.348868678397431270e-02
-1.061441757860772661e-01,5.033370495778434206e-01,9.999999999999998890e-01,9.991236345625982285e-01,0.000000000000000000e+00,0.000000000000000000e+00,-4.185645539726985664e-02
-1.078406307792870722e-01,4.940753523405225223e-01,1.000000000000000000e+00,9.987381148848042400e-01,0.000000000000000000e+00,0.000000000000000000e+00,-5.022128907492831584e-02
-1.096919506588608373e-01,4.848433639326399369e-01,9.999999999999998890e-01,9.982825646213414617e-01,0.000000000000000000e+00,0.000000000000000000e+00,-5.858260128260926042e-02
-1.116976161826036540e-01,4.756436736624919948e-01,1.000000000000000000e+00,9.977570157149697749e-01,0.000000000000000000e+00,0.000000000000000000e+00,-6.693980573289447233e-02
-1.138570648187890999e-01,4.664788617796729042e-01,1.000000000000000000e+00,9.971615050166884320e-01,0.000000000000000000e+00,0.000000000000000000e+00,-7.529231642639783173e-02
-1.161696909039320325e-01,4.573514987513880858e-01,9.999999999999998890e-01,9.964960742831526774e-01,0.000000000000000000e+00,0.000000000000000000e+00,-8.363954769285508739e-02
-1.186348458126613714e-01,4.482641445415119774e-01,1.000000000000000000e+00,9.957607701737453132e-01,0.000000000000000000e+00,0.000000000000000000e+00,-9.198091423219048601e-02
-1.212518381396400224e-01,4.392193478925917605e-01,1.000000000000000000e+00,9.949556442473049822e-01,0.000000000000000000e+00,0.000000000000000000e+00,-1.003158311555574361e-01
-1.240199338934845352e-01,4.302196456109974587e-01,9.999999999999998890e-01,9.940807529585111713e-01,0.000000000000000000e+00,0.000000000000000000e+00,-1.086437140263504797e-01
-1.269383567026283188e-01,4.212675618554210244e-01,9.999999999999998890e-01,9.931361576539255998e-01,0.000000000000000000e+00,0.000000000000000000e+00,-1.169639789011853309e-01
-1.300062880330722370e-01,4.123656074289221429e-01,1.000000000000000222e+00,9.921219245676906606e-01,0.000000000000000000e+00,0.000000000000000000e+00,-1.252760423708444426e-01
-1.332228674179598560e-01,4.035162790747190975e-01,1.000000000000000000e+00,9.910381248168846913e-01,0.000000000000000000e+00,0.000000000000000000e+00,-1.335793216011852136e-01
-1.365871926989126184e-01,3.947220587759247556e-01,9.999999999999998890e-01,9.898848343965361840e-01,0.000000000000000000e+00,0.000000000000000000e+00,-1.418732343740077007e-01
-1.400983202790614390e-01,3.859854130594210231e-01,1.000000000000000000e+00,9.886621341742943825e-01,0.000000000000000000e+00,0.000000000000000000e+00,-1.501571991278791707e-01
-1.437552653876965625e-01,3.773087923040684410e-01,1.000000000000000000e+00,9.873701098847590396e-01,0.000000000000000000e+00,0.000000000000000000e+00,-1.584306349989128837e-01
-1.475570023564691802e-01,3.686946300534458265e-01,1.000000000000000000e+00,9.860088521234692260e-01,0.000000000000000000e+00,0.000000000000000000e+00,-1.666929618614972353e-01
-1.515024649070606522e-01,3.601453423333100257e-01,1.000000000000000000e+00,9.845784563405501899e-01,0.000000000000000000e+00,0.000000000000000000e+00,-1.749436003689742447e-01
-1.555905464502442825e-01,3.516633269739707357e-01,1.000000000000000000e+00,9.830790228340208214e-01,0.000000000000000000e+00,0.000000000000000000e+00,-1.831819719942624214e-01
-1.598201003962509414e-01,3.432509629377676341e-01,1.000000000000000000e+00,9.815106567427611672e-01,0.000000000000000000e+00,0.000000000000000000e+00,-1.914074990704224544e-01
-1.641899404763550452e-01,3.349106096518389974e-01,9.999999999999998890e-01,9.798734680391393281e-01,0.000000000000000000e+00,0.000000000000000000e+00,-1.996196048311630333e-01
-1.686988410755888568e-01,3.266446063463706029e-01,1.000000000000000000e+00,9.781675715213015154e-01,0.000000000000000000e+00,0.000000000000000000e+00,-2.078177134512829149e-01
-1.733455375764928474e-01,3.184552713985088213e-01,1.000000000000000000e+00,9.763930868051211576e-01,0.000000000000000000e+00,0.000000000000000000e+00,-2.160012500870472918e-01
-1.781287267138036423e-01,3.103449016821211992e-01,1.000000000000000000e+00,9.745501383158126085e-01,0.000000000000000000e+00,0.000000000000000000e+00,-2.241696409164953552e-01
-1.830470669399838490e-01,3.023157719235905483e-01,9.999999999999998890e-01,9.726388552792061271e-01,0.000000000000000000e+00,0.000000000000000000e+00,-2.323223131796760543e-01
-1.880991788014864108e-01,2.943701340638180675e-01,1.000000000000000000e+00,9.706593717126866805e-01,0.000000000000000000e+00,0.000000000000000000e+00,-2.404586952188095816e-01
-1.932836453256528975e-01,2.865102166266192407e-01,1.000000000000000000e+00,9.686118264157967950e-01,0.000000000000000000e+00,0.000000000000000000e+00,-2.485782165183715031e-01
-1.985990124181334360e-01,2.787382240936866484e-01,1.000000000000000000e+00,9.664963629605041184e-01,0.000000000000000000e+00,0.000000000000000000e+00,-2.566803077450966475e-01
-2.040437892707180345e-01,2.710563362862955517e-01,1.000000000000000000e+00,9.643131296811342512e-01,0.000000000000000000e+00,0.000000000000000000e+00,-2.647644007879003669e-01
-2.096164487794661691e-01,2.634667077539269431e-01,9.999999999999998890e-01,9.620622796639697327e-01,0.000000000000000000e+00,0.000000000000000000e+00,-2.728299287977138388e-01
-2.153154279730153942e-01,2.559714671699779287e-01,9.999999999999998890e-01,9.597439707365157391e-01,0.000000000000000000e+00,0.000000000000000000e+00,-2.808763262272311323e-01
-2.211391284509502397e-01,2.485727167347296929e-01,1.000000000000000000e+00,9.573583654564332690e-01,0.000000000000000000e+00,0.000000000000000000e+00,-2.889030288705646821e-01
-2.270859168321076593e-01,2.412725315857408015e-01,1.000000000000000000e+00,9.549056311001409281e-01,0.000000000000000000e+00,0.000000000000000000e+00,-2.969094739028070307e-01
-2.331541252126935193e-01,2.340729592158307670e-01,9.999999999999998890e-01,9.523859396510853115e-01,0.000000000000000000e+00,0.000000000000000000e+00,-3.048950999194955935e-01
-2.393420516340816762e-01,2.269760188988158567e-01,1.000000000000000222e+00,9.497994677876825387e-01,0.000000000000000000e+00,0.000000000000000000e+00,-3.128593469759775036e-01
-2.456479605601656346e-01,2.199837011231624562e-01,9.999999999999998890e-01,9.471463968709283865e-01,0.000000000000000000e+00,0.000000000000000000e+00,-3.208016566266728153e-01
-2.520700833641250638e-01,2.130979670337098675e-01,1.000000000000000000e+00,9.444269129316829048e-01,0.000000000000000000e+00,0.000000000000000000e+00,-3.287214719642322369e-01
-2.586066188244764974e-01,2.063207478816275753e-01,1.000000000000000000e+00,9.416412066576247408e-01,0.000000000000000000e+00,0.000000000000000000e+00,-3.366182376585863945e-01
-2.652557336302636681e-01,1.996539444827528653e-01,1.000000000000000000e+00,9.387894733798812785e-01,0.000000000000000000e+00,0.000000000000000000e+00,-3.444913999958855166e-01
-2.720155628952484750e-01,1.930994266844674456e-01,1.000000000000000000e+00,9.358719130593318170e-01,0.000000000000000000e+00,0.000000000000000000e+00,-3.523404069173253772e-01
-2.788842106809584220e-01,1.866590328412581767e-01,1.000000000000000000e+00,9.328887302725865638e-01,0.000000000000000000e+00,0.000000000000000000e+00,-3.601647080578569415e-01
-2.858597505284435347e-01,1.803345692991123461e-01,9.999999999999998890e-01,9.298401341976416656e-01,0.000000000000000000e+00,0.000000000000000000e+00,-3.679637547847772194e-01
-2.929402259985918744e-01,1.741278098888877635e-01,1.000000000000000000e+00,9.267263385992124958e-01,0.000000000000000000e+00,0.000000000000000000e+00,-3.757370002361995476e-01
-3.001236512208558249e-01,1.680404954288054475e-01,1.000000000000000000e+00,9.235475618137437559e-01,0.000000000000000000e+00,0.000000000000000000e+00,-3.834838993593984724e-01
-3.074080114502308336e-01,1.620743332361991862e-01,1.000000000000000000e+00,9.203040267341006109e-01,0.000000000000000000e+00,0.000000000000000000e+00,-3.912039089490285670e-01
-3.147912636323344504e-01,1.562309966486623014e-01,1.000000000000000000e+00,9.169959607939396351e-01,0.000000000000000000e+00,0.000000000000000000e+00,-3.988964876852132968e-01
-3.222713369764240166e-01,1.505121245547240694e-01,1.000000000000000000e+00,9.136235959517609029e-01,0.000000000000000000e+00,0.000000000000000000e+00,-4.065610961715022120e-01
-3.298461335361946301e-01,1.449193209341889110e-01,1.000000000000000000e+00,9.101871686746437762e-01,0.000000000000000000e+00,0.000000000000000000e+00,-4.141971969726926384e-01
-3.375135287981925747e-01,1.394541544082653073e-01,1.000000000000000000e+00,9.066869199216657238e-01,0.000000000000000000e+00,0.000000000000000000e+00,-4.218042546525140879e-01
-3.452713722776811212e-01,1.341181577996132801e-01,9.999999999999998890e-01,9.031230951270066143e-01,0.000000000000000000e+00,0.000000000000000000e+00,-4.293817358111728377e-01
-3.531174881217885586e-01,1.289128277024310654e-01,1.000000000000000000e+00,8.994959441827390378e-01,0.000000000000000000e+00,0.000000000000000000e+00,-4.369291091227532342e-01
-3.610496757197740325e-01,1.238396240627032130e-01,1.000000000000000000e+00,8.958057214213064334e-01,0.000000000000000000e+00,0.000000000000000000e+00,-4.444458453724735580e-01
-3.690657103202356071e-01,1.188999697687279644e-01,9.999999999999998890e-01,8.920526855976890213e-01,0.000000000000000000e+00,0.000000000000000000e+00,-4.519314174937946738e-01
-3.771633436550882457e-01,1.140952502520372613e-01,9.999999999999998890e-01,8.882370998712605381e-01,0.000000000000000000e+00,0.000000000000000000e+00,-4.593853006053768007e-01
-3.853403045701396246e-01,1.094268130988236276e-01,1.000000000000000000e+00,8.843592317873353315e-01,0.000000000000000000e+00,0.000000000000000000e+00,-4.668069720478842388e-01
-3.935942996620839796e-01,1.048959676719805056e-01,1.000000000000000000e+00,8.804193532584089210e-01,0.000000000000000000e+00,0.000000000000000000e+00,-4.741959114206332759e-01
-4.019230139217346842e-01,1.005039847438630174e-01,1.000000000000000000e+00,8.764177405450912506e-01,0.000000000000000000e+00,0.000000000000000000e+00,-4.815516006180824427e-01
-4.103241113833197562e-01,9.625209613987362189e-02,1.000000000000000000e+00,8.723546742367358497e-01,0.000000000000000000e+00,0.000000000000000000e+00,-4.888735238661616744e-01
-4.187952357796518310e-01,9.214149439296959176e-02,1.000000000000000000e+00,8.682304392317649055e-01,0.000000000000000000e+00,0.000000000000000000e+00,-4.961611677584376046e-01
-4.273340112029946902e-01,8.817333240919167370e-02,1.000000000000000000e+00,8.640453247176927976e-01,0.000000000000000000e+00,0.000000000000000000e+00,-5.034140212921137669e-01
-4.359380427714369954e-01,8.434872314430785778e-02,1.000000000000000000e+00,8.597996241508480963e-01,0.000000000000000000e+00,0.000000000000000000e+00,-5.106315759038607682e-01
-4.446049173005874877e-01,8.066873929166051838e-02,1.000000000000000000e+00,8.554936352357971341e-01,0.000000000000000000e+00,0.000000000000000000e+00,-5.178133255054768735e-01
-4.533322039804050796e-01,7.713441298130629953e-02,1.000000000000000000e+00,8.511276599044688140e-01,0.000000000000000000e+00,0.000000000000000000e+00,-5.249587665193742314e-01
-4.621174550569707717e-01,7.374673549053389898e-02,1.000000000000000000e+00,8.467020042949837677e-01,0.000000000000000000e+00,0.000000000000000000e+00,-5.320673979138895726e-01
-4.709582065190126565e-01,7.050665696583890973e-02,1.000000000000000000e+00,8.422169787301880817e-01,0.000000000000000000e+00,0.000000000000000000e+00,-5.391387212384155525e-01
-4.798519787889903299e-01,6.741508615643487801e-02,1.000000000000000000e+00,8.376728976958938144e-01,0.000000000000000000e+00,0.000000000000000000e+00,-5.461722406583519041e-01
-4.887962774185461434e-01,6.447289015937518464e-02,1.000000000000000000e+00,8.330700798188273026e-01,0.000000000000000000e+00,0.000000000000000000e+00,-5.531674629898731821e-01
-4.977885937881250111e-01,6.168089417635735927e-02,1.000000000000000000e+00,8.284088478442879211e-01,0.000000000000000000e+00,0.000000000000000000e+00,-5.601238977345096570e-01
-5.068264058105720338e-01,5.903988128227732890e-02,1.000000000000000222e+00,8.236895286135167416e-01,0.000000000000000000e+00,0.000000000000000000e+00,-5.670410571135415800e-01
-5.159071786385047709e-01,5.655059220559988109e-02,1.000000000000000000e+00,8.189124530407790870e-01,0.000000000000000000e+00,0.000000000000000000e+00,-5.739184561022008246e-01
-5.250283653752649826e-01,5.421372512060451676e-02,1.000000000000000000e+00,8.140779560901616474e-01,0.000000000000000000e+00,0.000000000000000000e+00,-5.807556124636806816e-01
-5.341874077892512229e-01,5.202993545156886501e-02,1.000000000000000000e+00,8.091863767520839357e-01,0.000000000000000000e+00,0.000000000000000000e+00,-5.875520467829504767e-01
-5.433817370314284467e-01,4.999983568893995312e-02,9.999999999999998890e-01,8.042380580195298556e-01,0.000000000000000000e+00,0.000000000000000000e+00,-5.943072825003705706e-01
-5.526087743558180110e-01,4.812399521754862075e-02,1.000000000000000000e+00,7.992333468639962746e-01,0.000000000000000000e+00,0.000000000000000000e+00,-6.010208459451094054e-01
-5.618659318427599025e-01,4.640294015691326379e-02,1.000000000000000000e+00,7.941725942111645953e-01,0.000000000000000000e+00,0.000000000000000000e+00,-6.076922663683560488e-01
-5.711506131247523488e-01,4.483715321367864881e-02,1.000000000000000000e+00,7.890561549162933286e-01,0.000000000000000000e+00,0.000000000000000000e+00,-6.143210759763289008e-01
-5.804602141146569805e-01,4.342707354622976634e-02,1.000000000000000000e+00,7.838843877393369963e-01,0.000000000000000000e+00,0.000000000000000000e+00,-6.209068099630772330e-01
-5.897921237360711499e-01,4.217309664152191218e-02,1.000000000000000000e+00,7.786576553197890327e-01,0.000000000000000000e+00,0.000000000000000000e+00,-6.274490065430724517e-01
-5.991437246556603480e-01,4.107557420415597349e-02,1.000000000000000000e+00,7.733763241512549014e-01,0.000000000000000000e+00,0.000000000000000000e+00,-6.339472069835887513e-01
-6.085123940172449952e-01,4.013481405773700050e-02,1.000000000000000000e+00,7.680407645557533192e-01,0.000000000000000000e+00,0.000000000000000000e+00,-6.404009556368681633e-01
-6.178955041774363277e-01,3.935108005853804602e-02,1.000000000000000000e+00,7.626513506577494717e-01,0.000000000000000000e+00,0.000000000000000000e+00,-6.468097999720709979e-01
-6.272904234426150971e-01,3.872459202149547419e-02,1.000000000000000000e+00,7.572084603579227746e-01,0.000000000000000000e+00,0.000000000000000000e+00,-6.531732906070059075e-01
-6.366945168070465844e-01,3.825552565855805387e-02,9.999999999999998890e-01,7.517124753066671827e-01,0.000000000000000000e+00,0.000000000000000000e+00,-6.594909813396413467e-01
-6.461051466919240927e-01,3.794401252940371450e-02,1.000000000000000000e+00,7.461637808773315950e-01,0.000000000000000000e+00,0.000000000000000000e+00,-6.657624291793924343e-01
-6.555196736851340855e-01,3.779014000454228306e-02,1.000000000000000000e+00,7.405627661391973593e-01,0.000000000000000000e+00,0.000000000000000000e+00,-6.719871943781818846e-01
-6.649354572815354691e-01,3.779395124080864310e-02,1.000000000000000000e+00,7.349098238301973174e-01,0.000000000000000000e+00,0.000000000000000000e+00,-6.781648404612763414e-01
-6.743498566235466285e-01,3.795544516926097067e-02,1.000000000000000000e+00,7.292053503293766115e-01,0.000000000000000000e+00,0.000000000000000000e+00,-6.842949342578907856e-01
-6.837602312418288308e-01,3.827457649547783003e-02,9.999999999999998890e-01,7.234497456291001383e-01,0.000000000000000000e+00,0.000000000000000000e+00,-6.903770459315621277e-01
-6.931639417958639360e-01,3.875125571226389898e-02,1.000000000000000000e+00,7.176434133070043186e-01,0.000000000000000000e+00,0.000000000000000000e+00,-6.964107490102893205e-01
-7.025583508142120293e-01,3.938534912475355476e-02,9.999999999999998890e-01,7.117867604976995111e-01,0.000000000000000000e+00,0.000000000000000000e+00,-7.023956204164363282e-01
-7.119408234342482489e-01,4.017667888790821262e-02,1.000000000000000000e+00,7.058801978642215147e-01,0.000000000000000000e+00,0.000000000000000000e+00,-7.083312404963990616e-01
-7.213087281411653118e-01,4.112502305639709199e-02,1.000000000000000000e+00,6.999241395692364920e-01,0.000000000000000000e+00,0.000000000000000000e+00,-7.142171930500300636e-01
-7.306594375060381230e-01,4.223011564684653329e-02,9.999999999999998890e-01,6.939190032460003099e-01,0.000000000000000000e+00,0.000000000000000000e+00,-7.200530653598228303e-01
-7.399903289227424130e-01,4.349164671244021285e-02,1.000000000000000000e+00,6.878652099690746313e-01,0.000000000000000000e+00,0.000000000000000000e+00,-7.258384482198506626e-01
-7.492987853435211232e-01,4.490926242985116001e-02,1.000000000000000000e+00,6.817631842248008667e-01,0.000000000000000000e+00,0.000000000000000000e+00,-7.315729359644602692e-01
-7.585821960129901509e-01,4.648256519847859813e-02,1.000000000000000000e+00,6.756133538815366490e-01,0.000000000000000000e+00,0.000000000000000000e+00,-7.372561264967159023e-01
