-5.000000000000000000e-01,5.000000000000000000e-01,8.800000000000000044e-01,6.409968581633250784e-01,7.675435022360270754e-01,0.000000000000000000e+00,0.000000000000000000e+00
-4.892929292929293350e-01,5.000000000000000000e-01,8.800000000000000044e-01,6.409968581633250784e-01,7.675435022360270754e-01,0.000000000000000000e+00,0.000000000000000000e+00
-4.785858585858585590e-01,5.000000000000000000e-01,8.800000000000000044e-01,6.409968581633250784e-01,7.675435022360270754e-01,0.000000000000000000e+00,0.000000000000000000e+00
-4.678787878787878940e-01,5.000000000000000000e-01,8.800000000000000044e-01,6.409968581633250784e-01,7.675435022360270754e-01,0.000000000000000000e+00,0.000000000000000000e+00
-4.571717171717171180e-01,5.000000000000000000e-01,8.800000000000000044e-01,6.409968581633250784e-01,7.675435022360270754e-01,0.000000000000000000e+00,0.000000000000000000e+00
-4.464646464646464530e-01,5.000000000000000000e-01,8.800000000000000044e-01,6.409968581633250784e-01,7.675435022360270754e-01,0.000000000000000000e+00,0.000000000000000000e+00
-4.357575757575757880e-01,5.000000000000000000e-01,8.800000000000000044e-01,6.409968581633250784e-01,7.675435022360270754e-01,0.000000000000000000e+00,0.000000000000000000e+00
-4.250505050505050120e-01,5.000000000000000000e-01,8.800000000000000044e-01,6.409968581633250784e-01,7.675435022360270754e-01,0.000000000000000000e+00,0.000000000000000000e+00
-4.143434343434343470e-01,5.000000000000000000e-01,8.800000000000000044e-01,6.409968581633250784e-01,7.675435022360270754e-01,0.000000000000000000e+00,0.000000000000000000e+00
-4.036363636363636820e-01,5.000000000000000000e-01,8.800000000000000044e-01,6.409968581633250784e-01,7.675435022360270754e-01,0.000000000000000000e+00,0.000000000000000000e+00
-3.929292929292929060e-01,5.000000000000000000e-01,8.800000000000000044e-01,6.409968581633250784e-01,7.675435022360270754e-01,0.000000000000000000e+00,0.000000000000000000e+00
-3.822222222222222410e-01,5.000000000000000000e-01,8.800000000000000044e-01,6.409968581633250784e-01,7.675435022360270754e-01,0.000000000000000000e+00,0.000000000000000000e+00
-3.715151515151514650e-01,5.000000000000000000e-01,8.800000000000000044e-01,6.409968581633250784e-01,7.675435022360270754e-01,0.000000000000000000e+00,0.000000000000000000e+00
-3.608080808080808000e-01,5.000000000000000000e-01,8.800000000000000044e-01,6.409968581633250784e-01,7.675435022360270754e-01,0.000000000000000000e+00,0.000000000000000000e+00
-3.501010101010100239e-01,5.000000000000000000e-01,8.800000000000000044e-01,6.409968581633250784e-01,7.675435022360270754e-01,0.000000000000000000e+00,0.000000000000000000e+00
-3.393939393939393590e-01,5.000000000000000000e-01,8.800000000000000044e-01,6.409968581633250784e-01,7.675435022360270754e-01,0.000000000000000000e+00,0.000000000000000000e+00
-3.286868686868686940e-01,5.000000000000000000e-01,8.800000000000000044e-01,6.409968581633250784e-01,7.675435022360270754e-01,0.000000000000000000e+00,0.000000000000000000e+00
-3.179797979797979179e-01,5.000000000000000000e-01,8.800000000000000044e-01,6.409968581633250784e-01,7.675435022360270754e-01,0.000000000000000000e+00,0.000000000000000000e+00
-3.072727272727272529e-01,5.000000000000000000e-01,8.800000000000000044e-01,6.409968581633250784e-01,7.675435022360270754e-01,0.000000000000000000e+00,0.000000000000000000e+00
-2.965656565656564769e-01,5.000000000000000000e-01,8.800000000000000044e-01,6.409968581633250784e-01,7.675435022360270754e-01,0.000000000000000000e+00,0.000000000000000000e+00
-2.858585858585858119e-01,5.000000000000000000e-01,8.800000000000000044e-01,6.409968581633250784e-01,7.675435022360270754e-01,0.000000000000000000e+00,0.000000000000000000e+00
-2.751515151515151469e-01,5.000000000000000000e-01,8.800000000000000044e-01,6.409968581633250784e-01,7.675435022360270754e-01,0.000000000000000000e+00,0.000000000000000000e+00
-2.644444444444443709e-01,5.000000000000000000e-01,8.800000000000000044e-01,6.409968581633250784e-01,7.675435022360270754e-01,0.000000000000000000e+00,0.000000000000000000e+00
-2.537373737373737059e-01,5.000000000000000000e-01,8.800000000000000044e-01,6.409968581633250784e-01,7.675435022360270754e-01,0.000000000000000000e+00,0.000000000000000000e+00
-2.430303030303029577e-01,5.000000000000000000e-01,8.800000000000000044e-01,6.409968581633250784e-01,7.675435022360270754e-01,0.000000000000000000e+00,0.000000000000000000e+00
-2.323232323232322372e-01,5.000000000000000000e-01,8.800000000000000044e-01,6.409968581633250784e-01,7.675435022360270754e-01,0.000000000000000000e+00,0.000000000000000000e+00
-2.216161616161615722e-01,5.000000000000000000e-01,8.800000000000000044e-01,6.409968581633250784e-01,7.675435022360270754e-01,0.000000000000000000e+00,0.000000000000000000e+00
-2.109090909090908517e-01,5.000000000000000000e-01,8.800000000000000044e-01,6.409968581633250784e-01,7.675435022360270754e-01,0.000000000000000000e+00,0.000000000000000000e+00
-2.002020202020201312e-01,5.000000000000000000e-01,8.800000000000000044e-01,6.409968581633250784e-01,7.675435022360270754e-01,0.000000000000000000e+00,0.000000000000000000e+00
-1.894949494949494107e-01,5.000000000000000000e-01,8.800000000000000044e-01,6.409968581633250784e-01,7.675435022360270754e-01,0.000000000000000000e+00,0.000000000000000000e+00
-1.787878787878787457e-01,5.000000000000000000e-01,8.800000000000000044e-01,6.409968581633250784e-01,7.675435022360270754e-01,0.000000000000000000e+00,0.000000000000000000e+00
-1.680808080808080252e-01,5.000000000000000000e-01,8.800000000000000044e-01,6.409968581633250784e-01,7.675435022360270754e-01,0.000000000000000000e+00,0.000000000000000000e+00
-1.573737373737373046e-01,5.000000000000000000e-01,8.800000000000000044e-01,6.409968581633250784e-01,7.675435022360270754e-01,0.000000000000000000e+00,0.000000000000000000e+00
-1.466666666666665841e-01,5.000000000000000000e-01,8.800000000000000044e-01,6.409968581633250784e-01,7.675435022360270754e-01,0.000000000000000000e+00,0.000000000000000000e+00
-1.359595959595958636e-01,5.000000000000000000e-01,8.800000000000000044e-01,6.409968581633250784e-01,7.675435022360270754e-01,0.000000000000000000e+00,0.000000000000000000e+00
-1.252525252525251986e-01,5.000000000000000000e-01,8.800000000000000044e-01,6.409968581633250784e-01,7.675435022360270754e-01,0.000000000000000000e+00,0.000000000000000000e+00
-1.145454545454544781e-01,5.000000000000000000e-01,8.800000000000000044e-01,6.409968581633250784e-01,7.675435022360270754e-01,0.000000000000000000e+00,0.000000000000000000e+00
-1.038383838383837576e-01,5.000000000000000000e-01,8.800000000000000044e-01,6.409968581633250784e-01,7.675435022360270754e-01,0.000000000000000000e+00,0.000000000000000000e+00
-9.313131313131303712e-02,5.000000000000000000e-01,8.800000000000000044e-01,6.409968581633250784e-01,7.675435022360270754e-01,0.000000000000000000e+00,0.000000000000000000e+00
-8.242424242424237213e-02,5.000000000000000000e-01,8.800000000000000044e-01,6.409968581633250784e-01,7.675435022360270754e-01,0.000000000000000000e+00,0.000000000000000000e+00
-7.171717171717165162e-02,5.000000000000000000e-01,8.800000000000000044e-01,6.409968581633250784e-01,7.675435022360270754e-01,0.000000000000000000e+00,0.000000000000000000e+00
-6.101010101010093112e-02,5.000000000000000000e-01,8.800000000000000044e-01,6.409968581633250784e-01,7.675435022360270754e-01,0.000000000000000000e+00,0.000000000000000000e+00
-5.030303030303021061e-02,5.000000000000000000e-01,8.800000000000000044e-01,6.409968581633250784e-01,7.675435022360270754e-01,0.000000000000000000e+00,0.000000000000000000e+00
-3.959595959595949011e-02,5.000000000000000000e-01,8.800000000000000044e-01,6.409968581633250784e-01,7.675435022360270754e-01,0.000000000000000000e+00,0.000000000000000000e+00
-2.888888888888882511e-02,5.000000000000000000e-01,8.800000000000000044e-01,6.409968581633250784e-01,7.675435022360270754e-01,0.000000000000000000e+00,0.000000000000000000e+00
-1.818181818181810461e-02,5.000000000000000000e-01,8.800000000000000044e-01,6.409968581633250784e-01,7.675435022360270754e-01,0.000000000000000000e+00,0.000000000000000000e+00
-7.474747474747384102e-03,5.000000000000000000e-01,8.800000000000000044e-01,6.409968581633250784e-01,7.675435022360270754e-01,0.000000000000000000e+00,0.000000000000000000e+00
3.232323232323280893e-03,5.000000000000000000e-01,8.800000000000000044e-01,6.409968581633250784e-01,7.675435022360270754e-01,0.000000000000000000e+00,0.000000000000000000e+00
1.393939393939405691e-02,5.000000000000000000e-01,8.800000000000000044e-01,6.409968581633250784e-01,7.675435022360270754e-01,0.000000000000000000e+00,0.000000000000000000e+00
2.464646464646472190e-02,5.000000000000000000e-01,8.800000000000000044e-01,6.409968581633250784e-01,7.675435022360270754e-01,0.000000000000000000e+00,0.000000000000000000e+00
3.535353535353549792e-02,5.000000000000000000e-01,8.800000000000000044e-01,6.409968581633250784e-01,7.675435022360270754e-01,0.000000000000000000e+00,0.000000000000000000e+00
4.606060606060616291e-02,5.000000000000000000e-01,8.800000000000000044e-01,6.409968581633250784e-01,7.675435022360270754e-01,0.000000000000000000e+00,0.000000000000000000e+00
5.676767676767682791e-02,5.000000000000000000e-01,8.800000000000000044e-01,6.409968581633250784e-01,7.675435022360270754e-01,0.000000000000000000e+00,0.000000000000000000e+00
6.747474747474760393e-02,5.000000000000000000e-01,8.800000000000000044e-01,6.409968581633250784e-01,7.675435022360270754e-01,0.000000000000000000e+00,0.000000000000000000e+00
7.818181818181826892e-02,5.000000000000000000e-01,8.800000000000000044e-01,6.409968581633250784e-01,7.675435022360270754e-01,0.000000000000000000e+00,0.000000000000000000e+00
8.888888888888893391e-02,5.000000000000000000e-01,8.800000000000000044e-01,6.409968581633250784e-01,7.675435022360270754e-01,0.000000000000000000e+00,0.000000000000000000e+00
9.959595959595970993e-02,5.000000000000000000e-01,8.800000000000000044e-01,6.409968581633250784e-01,7.675435022360270754e-01,0.000000000000000000e+00,0.000000000000000000e+00
1.103030303030303749e-01,5.000000000000000000e-01,8.800000000000000044e-01,6.409968581633250784e-01,7.675435022360270754e-01,0.000000000000000000e+00,0.000000000000000000e+00
1.210101010101011509e-01,5.000000000000000000e-01,8.800000000000000044e-01,6.409968581633250784e-01,7.675435022360270754e-01,0.000000000000000000e+00,0.000000000000000000e+00
1.317171717171718159e-01,5.000000000000000000e-01,8.800000000000000044e-01,6.409968581633250784e-01,7.675435022360270754e-01,0.000000000000000000e+00,0.000000000000000000e+00
1.424242424242424809e-01,5.000000000000000000e-01,8.800000000000000044e-01,6.409968581633250784e-01,7.675435022360270754e-01,0.000000000000000000e+00,0.000000000000000000e+00
1.531313131313132569e-01,5.000000000000000000e-01,8.800000000000000044e-01,6.409968581633250784e-01,7.675435022360270754e-01,0.000000000000000000e+00,0.000000000000000000e+00
1.638383838383839219e-01,5.000000000000000000e-01,8.800000000000000044e-01,6.409968581633250784e-01,7.675435022360270754e-01,0.000000000000000000e+00,0.000000000000000000e+00
1.745454545454546980e-01,5.000000000000000000e-01,8.800000000000000044e-01,6.409968581633250784e-01,7.675435022360270754e-01,0.000000000000000000e+00,0.000000000000000000e+00
1.852525252525253630e-01,5.000000000000000000e-01,8.800000000000000044e-01,6.409968581633250784e-01,7.675435022360270754e-01,0.000000000000000000e+00,0.000000000000000000e+00
1.959595959595960279e-01,5.000000000000000000e-01,8.800000000000000044e-01,6.409968581633250784e-01,7.675435022360270754e-01,0.000000000000000000e+00,0.000000000000000000e+00
2.066666666666668040e-01,5.000000000000000000e-01,8.800000000000000044e-01,6.409968581633250784e-01,7.675435022360270754e-01,0.000000000000000000e+00,0.000000000000000000e+00
2.173737373737374690e-01,5.000000000000000000e-01,8.800000000000000044e-01,6.409968581633250784e-01,7.675435022360270754e-01,0.000000000000000000e+00,0.000000000000000000e+00
2.280808080808082450e-01,5.000000000000000000e-01,8.800000000000000044e-01,6.409968581633250784e-01,7.675435022360270754e-01,0.000000000000000000e+00,0.000000000000000000e+00
2.387878787878789100e-01,5.000000000000000000e-01,8.800000000000000044e-01,6.409968581633250784e-01,7.675435022360270754e-01,0.000000000000000000e+00,0.000000000000000000e+00
2.494949494949495750e-01,5.000000000000000000e-01,8.800000000000000044e-01,6.409968581633250784e-01,7.675435022360270754e-01,0.000000000000000000e+00,0.000000000000000000e+00
2.602020202020203232e-01,5.000000000000000000e-01,8.800000000000000044e-01,6.409968581633250784e-01,7.675435022360270754e-01,0.000000000000000000e+00,0.000000000000000000e+00
2.709090909090909882e-01,5.000000000000000000e-01,8.800000000000000044e-01,6.409968581633250784e-01,7.675435022360270754e-01,0.000000000000000000e+00,0.000000000000000000e+00
2.816161616161617642e-01,5.000000000000000000e-01,8.800000000000000044e-01,6.409968581633250784e-01,7.675435022360270754e-01,0.000000000000000000e+00,0.000000000000000000e+00
2.923232323232324292e-01,5.000000000000000000e-01,8.800000000000000044e-01,6.409968581633250784e-01,7.675435022360270754e-01,0.000000000000000000e+00,0.000000000000000000e+00
3.030303030303030942e-01,5.000000000000000000e-01,8.800000000000000044e-01,6.409968581633250784e-01,7.675435022360270754e-01,0.000000000000000000e+00,0.000000000000000000e+00
3.137373737373738702e-01,5.000000000000000000e-01,8.800000000000000044e-01,6.409968581633250784e-01,7.675435022360270754e-01,0.000000000000000000e+00,0.000000000000000000e+00
3.244444444444445352e-01,5.000000000000000000e-01,8.800000000000000044e-01,6.409968581633250784e-01,7.675435022360270754e-01,0.000000000000000000e+00,0.000000000000000000e+00
3.351515151515152002e-01,5.000000000000000000e-01,8.800000000000000044e-01,6.409968581633250784e-01,7.675435022360270754e-01,0.000000000000000000e+00,0.000000000000000000e+00
3.458585858585859762e-01,5.000000000000000000e-01,8.800000000000000044e-01,6.409968581633250784e-01,7.675435022360270754e-01,0.000000000000000000e+00,0.000000000000000000e+00
3.565656565656566412e-01,5.000000000000000000e-01,8.800000000000000044e-01,6.409968581633250784e-01,7.675435022360270754e-01,0.000000000000000000e+00,0.000000000000000000e+00
3.672727272727274173e-01,5.000000000000000000e-01,8.800000000000000044e-01,6.409968581633250784e-01,7.675435022360270754e-01,0.000000000000000000e+00,0.000000000000000000e+00
3.779797979797980823e-01,5.000000000000000000e-01,8.800000000000000044e-01,6.409968581633250784e-01,7.675435022360270754e-01,0.000000000000000000e+00,0.000000000000000000e+00
3.886868686868687472e-01,5.000000000000000000e-01,8.800000000000000044e-01,6.409968581633250784e-01,7.675435022360270754e-01,0.000000000000000000e+00,0.000000000000000000e+00
3.993939393939395233e-01,5.000000000000000000e-01,8.800000000000000044e-01,6.409968581633250784e-01,7.675435022360270754e-01,0.000000000000000000e+00,0.000000000000000000e+00
4.101010101010101883e-01,5.000000000000000000e-01,8.800000000000000044e-01,6.409968581633250784e-01,7.675435022360270754e-01,0.000000000000000000e+00,0.000000000000000000e+00
4.208080808080809643e-01,5.000000000000000000e-01,8.800000000000000044e-01,6.409968581633250784e-01,7.675435022360270754e-01,0.000000000000000000e+00,0.000000000000000000e+00
4.315151515151516293e-01,5.000000000000000000e-01,8.800000000000000044e-01,6.409968581633250784e-01,7.675435022360270754e-01,0.000000000000000000e+00,0.000000000000000000e+00
4.422222222222222943e-01,5.000000000000000000e-01,8.800000000000000044e-01,6.409968581633250784e-01,7.675435022360270754e-01,0.000000000000000000e+00,0.000000000000000000e+00
4.529292929292930703e-01,5.000000000000000000e-01,8.800000000000000044e-01,6.409968581633250784e-01,7.675435022360270754e-01,0.000000000000000000e+00,0.000000000000000000e+00
4.636363636363637353e-01,5.000000000000000000e-01,8.800000000000000044e-01,6.409968581633250784e-01,7.675435022360270754e-01,0.000000000000000000e+00,0.000000000000000000e+00
4.743434343434345113e-01,5.000000000000000000e-01,8.800000000000000044e-01,6.409968581633250784e-01,7.675435022360270754e-01,0.000000000000000000e+00,0.000000000000000000e+00
4.850505050505051763e-01,5.000000000000000000e-01,8.800000000000000044e-01,6.409968581633250784e-01,7.675435022360270754e-01,0.000000000000000000e+00,0.000000000000000000e+00
4.957575757575758413e-01,5.000000000000000000e-01,8.800000000000000044e-01,6.409968581633250784e-01,7.675435022360270754e-01,0.000000000000000000e+00,0.000000000000000000e+00
5.064646464646465063e-01,5.000000000000000000e-01,8.800000000000000044e-01,6.409968581633250784e-01,7.675435022360270754e-01,0.000000000000000000e+00,0.000000000000000000e+00
5.171717171717173933e-01,5.000000000000000000e-01,8.800000000000000044e-01,6.409968581633250784e-01,7.675435022360270754e-01,0.000000000000000000e+00,0.000000000000000000e+00
5.278787878787880583e-01,5.000000000000000000e-01,8.800000000000000044e-01,6.409968581633250784e-01,7.675435022360270754e-01,0.000000000000000000e+00,0.000000000000000000e+00
5.385858585858587233e-01,5.000000000000000000e-01,8.800000000000000044e-01,6.409968581633250784e-01,7.675435022360270754e-01,0.000000000000000000e+00,0.000000000000000000e+00
5.492929292929293883e-01,5.000000000000000000e-01,8.800000000000000044e-01,6.409968581633250784e-01,7.675435022360270754e-01,0.000000000000000000e+00,0.000000000000000000e+00
5.600000000000000533e-01,5.000000000000000000e-01,8.800000000000000044e-01,6.409968581633250784e-01,7.675435022360270754e-01,0.000000000000000000e+00,0.000000000000000000e+00
