1.819999999999999840e+00,5.000000000000000000e-01,8.900000000000000133e-01,6.409968581633250784e-01,7.675435022360270754e-01,0.000000000000000000e+00,0.000000000000000000e+00
1.809292929292929397e+00,5.000000000000000000e-01,8.900000000000000133e-01,6.409968581633250784e-01,7.675435022360270754e-01,0.000000000000000000e+00,0.000000000000000000e+00
1.798585858585858510e+00,5.000000000000000000e-01,8.900000000000000133e-01,6.409968581633250784e-01,7.675435022360270754e-01,0.000000000000000000e+00,0.000000000000000000e+00
1.787878787878787845e+00,5.000000000000000000e-01,8.900000000000000133e-01,6.409968581633250784e-01,7.675435022360270754e-01,0.000000000000000000e+00,0.000000000000000000e+00
1.777171717171717180e+00,5.000000000000000000e-01,8.900000000000000133e-01,6.409968581633250784e-01,7.675435022360270754e-01,0.000000000000000000e+00,0.000000000000000000e+00
1.766464646464646293e+00,5.000000000000000000e-01,8.900000000000000133e-01,6.409968581633250784e-01,7.675435022360270754e-01,0.000000000000000000e+00,0.000000000000000000e+00
1.755757575757575850e+00,5.000000000000000000e-01,8.900000000000000133e-01,6.409968581633250784e-01,7.675435022360270754e-01,0.000000000000000000e+00,0.000000000000000000e+00
1.745050505050504963e+00,5.000000000000000000e-01,8.900000000000000133e-01,6.409968581633250784e-01,7.675435022360270754e-01,0.000000000000000000e+00,0.000000000000000000e+00
1.734343434343434298e+00,5.000000000000000000e-01,8.900000000000000133e-01,6.409968581633250784e-01,7.675435022360270754e-01,0.000000000000000000e+00,0.000000000000000000e+00
1.723636363636363633e+00,5.000000000000000000e-01,8.900000000000000133e-01,6.409968581633250784e-01,7.675435022360270754e-01,0.000000000000000000e+00,0.000000000000000000e+00
1.712929292929292746e+00,5.000000000000000000e-01,8.900000000000000133e-01,6.409968581633250784e-01,7.675435022360270754e-01,0.000000000000000000e+00,0.000000000000000000e+00
1.702222222222222303e+00,5.000000000000000000e-01,8.900000000000000133e-01,6.409968581633250784e-01,7.675435022360270754e-01,0.000000000000000000e+00,0.000000000000000000e+00
1.691515151515151416e+00,5.000000000000000000e-01,8.900000000000000133e-01,6.409968581633250784e-01,7.675435022360270754e-01,0.000000000000000000e+00,0.000000000000000000e+00
1.680808080808080751e+00,5.000000000000000000e-01,8.900000000000000133e-01,6.409968581633250784e-01,7.675435022360270754e-01,0.000000000000000000e+00,0.000000000000000000e+00
1.670101010101010086e+00,5.000000000000000000e-01,8.900000000000000133e-01,6.409968581633250784e-01,7.675435022360270754e-01,0.000000000000000000e+00,0.000000000000000000e+00
1.659393939393939199e+00,5.000000000000000000e-01,8.900000000000000133e-01,6.409968581633250784e-01,7.675435022360270754e-01,0.000000000000000000e+00,0.000000000000000000e+00
1.648686868686868756e+00,5.000000000000000000e-01,8.900000000000000133e-01,6.409968581633250784e-01,7.675435022360270754e-01,0.000000000000000000e+00,0.000000000000000000e+00
1.637979797979797869e+00,5.000000000000000000e-01,8.900000000000000133e-01,6.409968581633250784e-01,7.675435022360270754e-01,0.000000000000000000e+00,0.000000000000000000e+00
1.627272727272727204e+00,5.000000000000000000e-01,8.900000000000000133e-01,6.409968581633250784e-01,7.675435022360270754e-01,0.000000000000000000e+00,0.000000000000000000e+00
1.616565656565656539e+00,5.000000000000000000e-01,8.900000000000000133e-01,6.409968581633250784e-01,7.675435022360270754e-01,0.000000000000000000e+00,0.000000000000000000e+00
1.605858585858585652e+00,5.000000000000000000e-01,8.900000000000000133e-01,6.409968581633250784e-01,7.675435022360270754e-01,0.000000000000000000e+00,0.000000000000000000e+00
1.595151515151515209e+00,5.000000000000000000e-01,8.900000000000000133e-01,6.409968581633250784e-01,7.675435022360270754e-01,0.000000000000000000e+00,0.000000000000000000e+00
1.584444444444444322e+00,5.000000000000000000e-01,8.900000000000000133e-01,6.409968581633250784e-01,7.675435022360270754e-01,0.000000000000000000e+00,0.000000000000000000e+00
1.573737373737373657e+00,5.000000000000000000e-01,8.900000000000000133e-01,6.409968581633250784e-01,7.675435022360270754e-01,0.000000000000000000e+00,0.000000000000000000e+00
1.563030303030302992e+00,5.000000000000000000e-01,8.900000000000000133e-01,6.409968581633250784e-01,7.675435022360270754e-01,0.000000000000000000e+00,0.000000000000000000e+00
1.552323232323232105e+00,5.000000000000000000e-01,8.900000000000000133e-01,6.409968581633250784e-01,7.675435022360270754e-01,0.000000000000000000e+00,0.000000000000000000e+00
1.541616161616161662e+00,5.000000000000000000e-01,8.900000000000000133e-01,6.409968581633250784e-01,7.675435022360270754e-01,0.000000000000000000e+00,0.000000000000000000e+00
1.530909090909090775e+00,5.000000000000000000e-01,8.900000000000000133e-01,6.409968581633250784e-01,7.675435022360270754e-01,0.000000000000000000e+00,0.000000000000000000e+00
1.520202020202020110e+00,5.000000000000000000e-01,8.900000000000000133e-01,6.409968581633250784e-01,7.675435022360270754e-01,0.000000000000000000e+00,0.000000000000000000e+00
1.509494949494949445e+00,5.000000000000000000e-01,8.900000000000000133e-01,6.409968581633250784e-01,7.675435022360270754e-01,0.000000000000000000e+00,0.000000000000000000e+00
1.498787878787878780e+00,5.000000000000000000e-01,8.900000000000000133e-01,6.409968581633250784e-01,7.675435022360270754e-01,0.000000000000000000e+00,0.000000000000000000e+00
1.488080808080808115e+00,5.000000000000000000e-01,8.900000000000000133e-01,6.409968581633250784e-01,7.675435022360270754e-01,0.000000000000000000e+00,0.000000000000000000e+00
1.477373737373737228e+00,5.000000000000000000e-01,8.900000000000000133e-01,6.409968581633250784e-01,7.675435022360270754e-01,0.000000000000000000e+00,0.000000000000000000e+00
1.466666666666666563e+00,5.000000000000000000e-01,8.900000000000000133e-01,6.409968581633250784e-01,7.675435022360270754e-01,0.000000000000000000e+00,0.000000000000000000e+00
1.455959595959595898e+00,5.000000000000000000e-01,8.900000000000000133e-01,6.409968581633250784e-01,7.675435022360270754e-01,0.000000000000000000e+00,0.000000000000000000e+00
1.445252525252525233e+00,5.000000000000000000e-01,8.900000000000000133e-01,6.409968581633250784e-01,7.675435022360270754e-01,0.000000000000000000e+00,0.000000000000000000e+00
1.434545454545454568e+00,5.000000000000000000e-01,8.900000000000000133e-01,6.409968581633250784e-01,7.675435022360270754e-01,0.000000000000000000e+00,0.000000000000000000e+00
1.423838383838383681e+00,5.000000000000000000e-01,8.900000000000000133e-01,6.409968581633250784e-01,7.675435022360270754e-01,0.000000000000000000e+00,0.000000000000000000e+00
1.413131313131313016e+00,5.000000000000000000e-01,8.900000000000000133e-01,6.409968581633250784e-01,7.675435022360270754e-01,0.000000000000000000e+00,0.000000000000000000e+00
1.402424242424242351e+00,5.000000000000000000e-01,8.900000000000000133e-01,6.409968581633250784e-01,7.675435022360270754e-01,0.000000000000000000e+00,0.000000000000000000e+00
1.391717171717171686e+00,5.000000000000000000e-01,8.900000000000000133e-01,6.409968581633250784e-01,7.675435022360270754e-01,0.000000000000000000e+00,0.000000000000000000e+00
1.381010101010101021e+00,5.000000000000000000e-01,8.900000000000000133e-01,6.409968581633250784e-01,7.675435022360270754e-01,0.000000000000000000e+00,0.000000000000000000e+00
1.370303030303030134e+00,5.000000000000000000e-01,8.900000000000000133e-01,6.409968581633250784e-01,7.675435022360270754e-01,0.000000000000000000e+00,0.000000000000000000e+00
1.359595959595959469e+00,5.000000000000000000e-01,8.900000000000000133e-01,6.409968581633250784e-01,7.675435022360270754e-01,0.000000000000000000e+00,0.000000000000000000e+00
1.348888888888888804e+00,5.000000000000000000e-01,8.900000000000000133e-01,6.409968581633250784e-01,7.675435022360270754e-01,0.000000000000000000e+00,0.000000000000000000e+00
1.338181818181818139e+00,5.000000000000000000e-01,8.900000000000000133e-01,6.409968581633250784e-01,7.675435022360270754e-01,0.000000000000000000e+00,0.000000000000000000e+00
1.327474747474747474e+00,5.000000000000000000e-01,8.900000000000000133e-01,6.409968581633250784e-01,7.675435022360270754e-01,0.000000000000000000e+00,0.000000000000000000e+00
1.316767676767676587e+00,5.000000000000000000e-01,8.900000000000000133e-01,6.409968581633250784e-01,7.675435022360270754e-01,0.000000000000000000e+00,0.000000000000000000e+00
1.306060606060605922e+00,5.000000000000000000e-01,8.900000000000000133e-01,6.409968581633250784e-01,7.675435022360270754e-01,0.000000000000000000e+00,0.000000000000000000e+00
1.295353535353535257e+00,5.000000000000000000e-01,8.900000000000000133e-01,6.409968581633250784e-01,7.675435022360270754e-01,0.000000000000000000e+00,0.000000000000000000e+00
1.284646464646464370e+00,5.000000000000000000e-01,8.900000000000000133e-01,6.409968581633250784e-01,7.675435022360270754e-01,0.000000000000000000e+00,0.000000000000000000e+00
1.273939393939393927e+00,5.000000000000000000e-01,8.900000000000000133e-01,6.409968581633250784e-01,7.675435022360270754e-01,0.000000000000000000e+00,0.000000000000000000e+00
1.263232323232323040e+00,5.000000000000000000e-01,8.900000000000000133e-01,6.409968581633250784e-01,7.675435022360270754e-01,0.000000000000000000e+00,0.000000000000000000e+00
1.252525252525252375e+00,5.000000000000000000e-01,8.900000000000000133e-01,6.409968581633250784e-01,7.675435022360270754e-01,0.000000000000000000e+00,0.000000000000000000e+00
1.241818181818181710e+00,5.000000000000000000e-01,8.900000000000000133e-01,6.409968581633250784e-01,7.675435022360270754e-01,0.000000000000000000e+00,0.000000000000000000e+00
1.231111111111111045e+00,5.000000000000000000e-01,8.900000000000000133e-01,6.409968581633250784e-01,7.675435022360270754e-01,0.000000000000000000e+00,0.000000000000000000e+00
1.220404040404040380e+00,5.000000000000000000e-01,8.900000000000000133e-01,6.409968581633250784e-01,7.675435022360270754e-01,0.000000000000000000e+00,0.000000000000000000e+00
1.209696969696969493e+00,5.000000000000000000e-01,8.900000000000000133e-01,6.409968581633250784e-01,7.675435022360270754e-01,0.000000000000000000e+00,0.000000000000000000e+00
1.198989898989898828e+00,5.000000000000000000e-01,8.900000000000000133e-01,6.409968581633250784e-01,7.675435022360270754e-01,0.000000000000000000e+00,0.000000000000000000e+00
1.188282828282828163e+00,5.000000000000000000e-01,8.900000000000000133e-01,6.409968581633250784e-01,7.675435022360270754e-01,0.000000000000000000e+00,0.000000000000000000e+00
1.177575757575757498e+00,5.000000000000000000e-01,8.900000000000000133e-01,6.409968581633250784e-01,7.675435022360270754e-01,0.000000000000000000e+00,0.000000000000000000e+00
1.166868686868686833e+00,5.000000000000000000e-01,8.900000000000000133e-01,6.409968581633250784e-01,7.675435022360270754e-01,0.000000000000000000e+00,0.000000000000000000e+00
1.156161616161615946e+00,5.000000000000000000e-01,8.900000000000000133e-01,6.409968581633250784e-01,7.675435022360270754e-01,0.000000000000000000e+00,0.000000000000000000e+00
1.145454545454545281e+00,5.000000000000000000e-01,8.900000000000000133e-01,6.409968581633250784e-01,7.675435022360270754e-01,0.000000000000000000e+00,0.000000000000000000e+00
1.134747474747474616e+00,5.000000000000000000e-01,8.900000000000000133e-01,6.409968581633250784e-01,7.675435022360270754e-01,0.000000000000000000e+00,0.000000000000000000e+00
1.124040404040403951e+00,5.000000000000000000e-01,8.900000000000000133e-01,6.409968581633250784e-01,7.675435022360270754e-01,0.000000000000000000e+00,0.000000000000000000e+00
1.113333333333333286e+00,5.000000000000000000e-01,8.900000000000000133e-01,6.409968581633250784e-01,7.675435022360270754e-01,0.000000000000000000e+00,0.000000000000000000e+00
1.102626262626262399e+00,5.000000000000000000e-01,8.900000000000000133e-01,6.409968581633250784e-01,7.675435022360270754e-01,0.000000000000000000e+00,0.000000000000000000e+00
1.091919191919191734e+00,5.000000000000000000e-01,8.900000000000000133e-01,6.409968581633250784e-01,7.675435022360270754e-01,0.000000000000000000e+00,0.000000000000000000e+00
1.081212121212121069e+00,5.000000000000000000e-01,8.900000000000000133e-01,6.409968581633250784e-01,7.675435022360270754e-01,0.000000000000000000e+00,0.000000000000000000e+00
1.070505050505050404e+00,5.000000000000000000e-01,8.900000000000000133e-01,6.409968581633250784e-01,7.675435022360270754e-01,0.000000000000000000e+00,0.000000000000000000e+00
1.059797979797979739e+00,5.000000000000000000e-01,8.900000000000000133e-01,6.409968581633250784e-01,7.675435022360270754e-01,0.000000000000000000e+00,0.000000000000000000e+00
1.049090909090908852e+00,5.000000000000000000e-01,8.900000000000000133e-01,6.409968581633250784e-01,7.675435022360270754e-01,0.000000000000000000e+00,0.000000000000000000e+00
1.038383838383838187e+00,5.000000000000000000e-01,8.900000000000000133e-01,6.409968581633250784e-01,7.675435022360270754e-01,0.000000000000000000e+00,0.000000000000000000e+00
1.027676767676767522e+00,5.000000000000000000e-01,8.900000000000000133e-01,6.409968581633250784e-01,7.675435022360270754e-01,0.000000000000000000e+00,0.000000000000000000e+00
1.016969696969696857e+00,5.000000000000000000e-01,8.900000000000000133e-01,6.409968581633250784e-01,7.675435022360270754e-01,0.000000000000000000e+00,0.000000000000000000e+00
1.006262626262626192e+00,5.000000000000000000e-01,8.900000000000000133e-01,6.409968581633250784e-01,7.675435022360270754e-01,0.000000000000000000e+00,0.000000000000000000e+00
9.955555555555553049e-01,5.000000000000000000e-01,8.900000000000000133e-01,6.409968581633250784e-01,7.675435022360270754e-01,0.000000000000000000e+00,0.000000000000000000e+00
9.848484848484848619e-01,5.000000000000000000e-01,8.900000000000000133e-01,6.409968581633250784e-01,7.675435022360270754e-01,0.000000000000000000e+00,0.000000000000000000e+00
9.741414141414139749e-01,5.000000000000000000e-01,8.900000000000000133e-01,6.409968581633250784e-01,7.675435022360270754e-01,0.000000000000000000e+00,0.000000000000000000e+00
9.634343434343433099e-01,5.000000000000000000e-01,8.900000000000000133e-01,6.409968581633250784e-01,7.675435022360270754e-01,0.000000000000000000e+00,0.000000000000000000e+00
9.527272727272726449e-01,5.000000000000000000e-01,8.900000000000000133e-01,6.409968581633250784e-01,7.675435022360270754e-01,0.000000000000000000e+00,0.000000000000000000e+00
9.420202020202017579e-01,5.000000000000000000e-01,8.900000000000000133e-01,6.409968581633250784e-01,7.675435022360270754e-01,0.000000000000000000e+00,0.000000000000000000e+00
9.313131313131313149e-01,5.000000000000000000e-01,8.900000000000000133e-01,6.409968581633250784e-01,7.675435022360270754e-01,0.000000000000000000e+00,0.000000000000000000e+00
9.206060606060604279e-01,5.000000000000000000e-01,8.900000000000000133e-01,6.409968581633250784e-01,7.675435022360270754e-01,0.000000000000000000e+00,0.000000000000000000e+00
9.098989898989897629e-01,5.000000000000000000e-01,8.900000000000000133e-01,6.409968581633250784e-01,7.675435022360270754e-01,0.000000000000000000e+00,0.000000000000000000e+00
8.991919191919190979e-01,5.000000000000000000e-01,8.900000000000000133e-01,6.409968581633250784e-01,7.675435022360270754e-01,0.000000000000000000e+00,0.000000000000000000e+00
8.884848484848482109e-01,5.000000000000000000e-01,8.900000000000000133e-01,6.409968581633250784e-01,7.675435022360270754e-01,0.000000000000000000e+00,0.000000000000000000e+00
8.777777777777777679e-01,5.000000000000000000e-01,8.900000000000000133e-01,6.409968581633250784e-01,7.675435022360270754e-01,0.000000000000000000e+00,0.000000000000000000e+00
8.670707070707068809e-01,5.000000000000000000e-01,8.900000000000000133e-01,6.409968581633250784e-01,7.675435022360270754e-01,0.000000000000000000e+00,0.000000000000000000e+00
8.563636363636362159e-01,5.000000000000000000e-01,8.900000000000000133e-01,6.409968581633250784e-01,7.675435022360270754e-01,0.000000000000000000e+00,0.000000000000000000e+00
8.456565656565655509e-01,5.000000000000000000e-01,8.900000000000000133e-01,6.409968581633250784e-01,7.675435022360270754e-01,0.000000000000000000e+00,0.000000000000000000e+00
8.349494949494946638e-01,5.000000000000000000e-01,8.900000000000000133e-01,6.409968581633250784e-01,7.675435022360270754e-01,0.000000000000000000e+00,0.000000000000000000e+00
8.242424242424242209e-01,5.000000000000000000e-01,8.900000000000000133e-01,6.409968581633250784e-01,7.675435022360270754e-01,0.000000000000000000e+00,0.000000000000000000e+00
8.135353535353533339e-01,5.000000000000000000e-01,8.900000000000000133e-01,6.409968581633250784e-01,7.675435022360270754e-01,0.000000000000000000e+00,0.000000000000000000e+00
8.028282828282824468e-01,5.000000000000000000e-01,8.900000000000000133e-01,6.409968581633250784e-01,7.675435022360270754e-01,0.000000000000000000e+00,0.000000000000000000e+00
7.921212121212120039e-01,5.000000000000000000e-01,8.900000000000000133e-01,6.409968581633250784e-01,7.675435022360270754e-01,0.000000000000000000e+00,0.000000000000000000e+00
7.814141414141411168e-01,5.000000000000000000e-01,8.900000000000000133e-01,6.409968581633250784e-01,7.675435022360270754e-01,0.000000000000000000e+00,0.000000000000000000e+00
7.707070707070706739e-01,5.000000000000000000e-01,8.900000000000000133e-01,6.409968581633250784e-01,7.675435022360270754e-01,0.000000000000000000e+00,0.000000000000000000e+00
7.599999999999997868e-01,5.000000000000000000e-01,8.900000000000000133e-01,6.409968581633250784e-01,7.675435022360270754e-01,0.000000000000000000e+00,0.000000000000000000e+00
