-7.999999999999999334e-01,4.799999999999999822e-01,1.050000000000000044e+00,1.000000000000000000e+00,0.000000000000000000e+00,0.000000000000000000e+00,0.000000000000000000e+00
-8.000002331017297408e-01,4.797355563109231280e-01,1.050000000000000044e+00,9.999996114970410854e-01,0.000000000000000000e+00,0.000000000000000000e+00,-8.814793060466989509e-04
-8.000009324061958527e-01,4.794711134437434907e-01,1.049999999999999822e+00,9.999984459884659893e-01,0.000000000000000000e+00,0.000000000000000000e+00,-1.762957927178760743e-03
-8.000020979112240083e-01,4.792066722203553453e-01,1.049999999999999822e+00,9.999965034751805426e-01,0.000000000000000000e+00,0.000000000000000000e+00,-2.644435178482079912e-03
-8.000037296131916609e-01,4.789422334626483035e-01,1.050000000000000044e+00,9.999937839586939825e-01,0.000000000000000000e+00,0.000000000000000000e+00,-3.525910375043615676e-03
-8.000058275070280889e-01,4.786777979925039284e-01,1.049999999999999822e+00,9.999902874411193965e-01,0.000000000000000000e+00,0.000000000000000000e+00,-4.407382831951924505e-03
-8.000083915862126194e-01,4.784133666317940681e-01,1.050000000000000044e+00,9.999860139251736113e-01,0.000000000000000000e+00,0.000000000000000000e+00,-5.288851864297689637e-03
-8.000114218427760715e-01,4.781489402023772484e-01,1.050000000000000044e+00,9.999809634141771930e-01,0.000000000000000000e+00,0.000000000000000000e+00,-6.170316787174258411e-03
-8.000149182673003123e-01,4.778845195260968959e-01,1.050000000000000044e+00,9.999751359120543359e-01,0.000000000000000000e+00,0.000000000000000000e+00,-7.051776915678167022e-03
-8.000188808489187009e-01,4.776201054247788402e-01,1.050000000000000044e+00,9.999685314233330846e-01,0.000000000000000000e+00,0.000000000000000000e+00,-7.933231564909680456e-03
-8.000233095753149781e-01,4.773556987202278723e-01,1.050000000000000044e+00,9.999611499531452230e-01,0.000000000000000000e+00,0.000000000000000000e+00,-8.814680049973318970e-03
-8.000282044327247100e-01,4.770913002342263010e-01,1.050000000000000044e+00,9.999529915072261632e-01,0.000000000000000000e+00,0.000000000000000000e+00,-9.696121685978395868e-03
-8.000335654059345103e-01,4.768269107885307889e-01,1.050000000000000044e+00,9.999440560919150567e-01,0.000000000000000000e+00,0.000000000000000000e+00,-1.057755578803954051e-02
-8.000393924782828181e-01,4.765625312048696882e-01,1.049999999999999822e+00,9.999343437141546831e-01,0.000000000000000000e+00,0.000000000000000000e+00,-1.145898167127724042e-02
-8.000456856316583432e-01,4.762981623049408197e-01,1.049999999999999822e+00,9.999238543814917834e-01,0.000000000000000000e+00,0.000000000000000000e+00,-1.234039865081837037e-02
-8.000524448465019534e-01,4.760338049104090308e-01,1.050000000000000044e+00,9.999125881020766160e-01,0.000000000000000000e+00,0.000000000000000000e+00,-1.322180604179671627e-02
-8.000596701018061196e-01,4.757694598429029753e-01,1.050000000000000266e+00,9.999005448846630673e-01,0.000000000000000000e+00,0.000000000000000000e+00,-1.410320315935352335e-02
-8.000673613751143609e-01,4.755051279240133377e-01,1.050000000000000266e+00,9.998877247386087630e-01,0.000000000000000000e+00,0.000000000000000000e+00,-1.498458931863801483e-02
-8.000755186425221321e-01,4.752408099752897797e-01,1.050000000000000044e+00,9.998741276738750683e-01,0.000000000000000000e+00,0.000000000000000000e+00,-1.586596383480792793e-02
-8.000841418786763803e-01,4.749765068182386640e-01,1.050000000000000044e+00,9.998597537010269765e-01,0.000000000000000000e+00,0.000000000000000000e+00,-1.674732602303004650e-02
-8.000932310567758776e-01,4.747122192743202795e-01,1.050000000000000044e+00,9.998446028312332201e-01,0.000000000000000000e+00,0.000000000000000000e+00,-1.762867519848073522e-02
-8.001027861485714432e-01,4.744479481649462871e-01,1.050000000000000044e+00,9.998286750762660491e-01,0.000000000000000000e+00,0.000000000000000000e+00,-1.851001067634646877e-02
-8.001128071243651663e-01,4.741836943114774994e-01,1.050000000000000266e+00,9.998119704485014525e-01,0.000000000000000000e+00,0.000000000000000000e+00,-1.939133177182436954e-02
-8.001232939530126265e-01,4.739194585352208833e-01,1.050000000000000044e+00,9.997944889609189367e-01,0.000000000000000000e+00,0.000000000000000000e+00,-2.027263780012272809e-02
-8.001342466019191191e-01,4.736552416574274504e-01,1.050000000000000266e+00,9.997762306271018584e-01,0.000000000000000000e+00,0.000000000000000000e+00,-2.115392807646154089e-02
-8.001456650370446511e-01,4.733910444992894262e-01,1.049999999999999822e+00,9.997571954612368694e-01,0.000000000000000000e+00,0.000000000000000000e+00,-2.203520191607305154e-02
-8.001575492228998332e-01,4.731268678819374185e-01,1.050000000000000044e+00,9.997373834781146940e-01,0.000000000000000000e+00,0.000000000000000000e+00,-2.291645863420227122e-02
-8.001698991225484336e-01,4.728627126264385860e-01,1.050000000000000266e+00,9.997167946931291294e-01,0.000000000000000000e+00,0.000000000000000000e+00,-2.379769754610751298e-02
-8.001827146976076000e-01,4.725985795537936962e-01,1.049999999999999822e+00,9.996954291222777123e-01,0.000000000000000000e+00,0.000000000000000000e+00,-2.467891796706093294e-02
-8.001959959082447504e-01,4.723344694849340719e-01,1.050000000000000044e+00,9.996732867821619406e-01,0.000000000000000000e+00,0.000000000000000000e+00,-2.556011921234903686e-02
-8.002097427131825702e-01,4.720703832407203149e-01,1.049999999999999822e+00,9.996503676899862745e-01,0.000000000000000000e+00,0.000000000000000000e+00,-2.644130059727325260e-02
-8.002239550696951254e-01,4.718063216419382533e-01,1.050000000000000044e+00,9.996266718635590243e-01,0.000000000000000000e+00,0.000000000000000000e+00,-2.732246143715042971e-02
-8.002386329336107496e-01,4.715422855092975540e-01,1.050000000000000044e+00,9.996021993212920176e-01,0.000000000000000000e+00,0.000000000000000000e+00,-2.820360104731337719e-02
-8.002537762593097126e-01,4.712782756634286141e-01,1.050000000000000044e+00,9.995769500822005993e-01,0.000000000000000000e+00,0.000000000000000000e+00,-2.908471874311140473e-02
-8.002693849997264408e-01,4.710142929248800625e-01,1.050000000000000044e+00,9.995509241659035204e-01,0.000000000000000000e+00,0.000000000000000000e+00,-2.996581383991084660e-02
-8.002854591063482959e-01,4.707503381141164844e-01,1.050000000000000266e+00,9.995241215926231604e-01,0.000000000000000000e+00,0.000000000000000000e+00,-3.084688565309559941e-02
-8.003019985292174621e-01,4.704864120515153125e-01,1.049999999999999822e+00,9.994965423831850826e-01,0.000000000000000000e+00,0.000000000000000000e+00,-3.172793349806764945e-02
-8.003190032169278378e-01,4.702225155573649396e-01,1.050000000000000044e+00,9.994681865590187009e-01,0.000000000000000000e+00,0.000000000000000000e+00,-3.260895669024761051e-02
-8.003364731166292545e-01,4.699586494518618318e-01,1.050000000000000044e+00,9.994390541421567242e-01,0.000000000000000000e+00,0.000000000000000000e+00,-3.348995454507524422e-02
-8.003544081740245897e-01,4.696948145551078091e-01,1.050000000000000044e+00,9.994091451552349348e-01,0.000000000000000000e+00,0.000000000000000000e+00,-3.437092637801000133e-02
-8.003728083333715437e-01,4.694310116871079908e-01,1.050000000000000044e+00,9.993784596214929650e-01,0.000000000000000000e+00,0.000000000000000000e+00,-3.525187150453156643e-02
-8.003916735374815294e-01,4.691672416677674651e-01,1.050000000000000266e+00,9.993469975647736314e-01,0.000000000000000000e+00,0.000000000000000000e+00,-3.613278924014035054e-02
-8.004110037277216705e-01,4.689035053168898459e-01,1.050000000000000044e+00,9.993147590095230459e-01,0.000000000000000000e+00,0.000000000000000000e+00,-3.701367890035806019e-02
-8.004307988440125810e-01,4.686398034541736646e-01,1.050000000000000044e+00,9.992817439807909485e-01,0.000000000000000000e+00,0.000000000000000000e+00,-3.789453980072822470e-02
-8.004510588248310299e-01,4.683761368992103158e-01,1.050000000000000044e+00,9.992479525042300414e-01,0.000000000000000000e+00,0.000000000000000000e+00,-3.877537125681670971e-02
-8.004717836072086090e-01,4.681125064714816708e-01,1.050000000000000044e+00,9.992133846060966551e-01,0.000000000000000000e+00,0.000000000000000000e+00,-3.965617258421225838e-02
-8.004929731267318438e-01,4.678489129903571908e-01,1.050000000000000044e+00,9.991780403132500821e-01,0.000000000000000000e+00,0.000000000000000000e+00,-4.053694309852701877e-02
-8.005146273175436367e-01,4.675853572750913734e-01,1.050000000000000044e+00,9.991419196531531322e-01,0.000000000000000000e+00,0.000000000000000000e+00,-4.141768211539709893e-02
-8.005367461123416017e-01,4.673218401448215320e-01,1.050000000000000044e+00,9.991050226538717993e-01,0.000000000000000000e+00,0.000000000000000000e+00,-4.229838895048307346e-02
-8.005593294423809514e-01,4.670583624185650207e-01,1.049999999999999822e+00,9.990673493440751507e-01,0.000000000000000000e+00,0.000000000000000000e+00,-4.317906291947051778e-02
-8.005823772374716096e-01,4.667949249152166802e-01,1.050000000000000044e+00,9.990288997530357706e-01,0.000000000000000000e+00,0.000000000000000000e+00,-4.405970333807053552e-02
-8.006058894259805436e-01,4.665315284535462848e-01,1.050000000000000044e+00,9.989896739106290946e-01,0.000000000000000000e+00,0.000000000000000000e+00,-4.494030952202032747e-02
-8.006298659348312086e-01,4.662681738521960439e-01,1.049999999999999822e+00,9.989496718473338532e-01,0.000000000000000000e+00,0.000000000000000000e+00,-4.582088078708364959e-02
-8.006543066895044358e-01,4.660048619296783268e-01,1.049999999999999822e+00,9.989088935942317393e-01,0.000000000000000000e+00,0.000000000000000000e+00,-4.670141644905145134e-02
-8.006792116140373228e-01,4.657415935043726085e-01,1.050000000000000044e+00,9.988673391830079629e-01,0.000000000000000000e+00,0.000000000000000000e+00,-4.758191582374229206e-02
-8.007045806310252312e-01,4.654783693945230283e-01,1.050000000000000044e+00,9.988250086459503629e-01,0.000000000000000000e+00,0.000000000000000000e+00,-4.846237822700295850e-02
-8.007304136616201218e-01,4.652151904182365572e-01,1.050000000000000044e+00,9.987819020159501848e-01,0.000000000000000000e+00,0.000000000000000000e+00,-4.934280297470893667e-02
-8.007567106255329969e-01,4.649520573934792789e-01,1.049999999999999822e+00,9.987380193265013029e-01,0.000000000000000000e+00,0.000000000000000000e+00,-5.022318938276499473e-02
-8.007834714410321242e-01,4.646889711380747245e-01,1.050000000000000044e+00,9.986933606117009976e-01,0.000000000000000000e+00,0.000000000000000000e+00,-5.110353676710568949e-02
-8.008106960249440354e-01,4.644259324697010416e-01,1.050000000000000044e+00,9.986479259062492897e-01,0.000000000000000000e+00,0.000000000000000000e+00,-5.198384444369589380e-02
-8.008383842926538598e-01,4.641629422058884957e-01,1.050000000000000044e+00,9.986017152454492729e-01,0.000000000000000000e+00,0.000000000000000000e+00,-5.286411172853132390e-02
-8.008665361581065456e-01,4.639000011640168619e-01,1.049999999999999822e+00,9.985547286652067811e-01,0.000000000000000000e+00,0.000000000000000000e+00,-5.374433793763910144e-02
-8.008951515338049720e-01,4.636371101613130929e-01,1.050000000000000044e+00,9.985069662020308323e-01,0.000000000000000000e+00,0.000000000000000000e+00,-5.462452238707823232e-02
-8.009242303308116151e-01,4.633742700148483218e-01,1.050000000000000044e+00,9.984584278930330736e-01,0.000000000000000000e+00,0.000000000000000000e+00,-5.550466439294021725e-02
-8.009537724587496577e-01,4.631114815415359187e-01,1.050000000000000044e+00,9.984091137759280032e-01,0.000000000000000000e+00,0.000000000000000000e+00,-5.638476327134949589e-02
-8.009837778258011021e-01,4.628487455581284382e-01,1.050000000000000044e+00,9.983590238890329704e-01,0.000000000000000000e+00,0.000000000000000000e+00,-5.726481833846402969e-02
-8.010142463387086575e-01,4.625860628812155095e-01,1.049999999999999822e+00,9.983081582712681756e-01,0.000000000000000000e+00,0.000000000000000000e+00,-5.814482891047582924e-02
-8.010451779027750741e-01,4.623234343272206726e-01,1.050000000000000044e+00,9.982565169621565593e-01,0.000000000000000000e+00,0.000000000000000000e+00,-5.902479430361146084e-02
-8.010765724218649186e-01,4.620608607123998235e-01,1.049999999999999822e+00,9.982041000018235799e-01,0.000000000000000000e+00,0.000000000000000000e+00,-5.990471383413261547e-02
-8.011084297984029101e-01,4.617983428528376622e-01,1.049999999999999822e+00,9.981509074309976581e-01,0.000000000000000000e+00,0.000000000000000000e+00,-6.078458681833661531e-02
-8.011407499333753623e-01,4.615358815644458046e-01,1.050000000000000044e+00,9.980969392910097326e-01,0.000000000000000000e+00,0.000000000000000000e+00,-6.166441257255693420e-02
-8.011735327263312945e-01,4.612734776629600075e-01,1.050000000000000044e+00,9.980421956237932601e-01,0.000000000000000000e+00,0.000000000000000000e+00,-6.254419041316376660e-02
-8.012067780753805435e-01,4.610111319639376148e-01,1.050000000000000266e+00,9.979866764718844374e-01,0.000000000000000000e+00,0.000000000000000000e+00,-6.342391965656450636e-02
-8.012404858771959848e-01,4.607488452827550596e-01,1.050000000000000044e+00,9.979303818784219793e-01,0.000000000000000000e+00,0.000000000000000000e+00,-6.430359961920434353e-02
-8.012746560270129770e-01,4.604866184346054769e-01,1.050000000000000044e+00,9.978733118871471186e-01,0.000000000000000000e+00,0.000000000000000000e+00,-6.518322961756671530e-02
-8.013092884186296949e-01,4.602244522344958733e-01,1.050000000000000044e+00,9.978154665424036063e-01,0.000000000000000000e+00,0.000000000000000000e+00,-6.606280896817394443e-02
-8.013443829444077959e-01,4.599623474972450721e-01,1.050000000000000044e+00,9.977568458891376002e-01,0.000000000000000000e+00,0.000000000000000000e+00,-6.694233698758764173e-02
-8.013799394952730859e-01,4.597003050374802724e-01,1.050000000000000044e+00,9.976974499728976653e-01,0.000000000000000000e+00,0.000000000000000000e+00,-6.782181299240934436e-02
-8.014159579607148531e-01,4.594383256696358275e-01,1.050000000000000044e+00,9.976372788398347735e-01,0.000000000000000000e+00,0.000000000000000000e+00,-6.870123629928098774e-02
-8.014524382287865345e-01,4.591764102079494703e-01,1.050000000000000044e+00,9.975763325367024148e-01,0.000000000000000000e+00,0.000000000000000000e+00,-6.958060622488546065e-02
-8.014893801861071587e-01,4.589145594664605365e-01,1.050000000000000044e+00,9.975146111108560421e-01,0.000000000000000000e+00,0.000000000000000000e+00,-7.045992208594711870e-02
-8.015267837178601251e-01,4.586527742590071899e-01,1.049999999999999822e+00,9.974521146102535152e-01,0.000000000000000000e+00,0.000000000000000000e+00,-7.133918319923233942e-02
-8.015646487077940918e-01,4.583910553992239234e-01,1.050000000000000044e+00,9.973888430834552121e-01,0.000000000000000000e+00,0.000000000000000000e+00,-7.221838888155003577e-02
-8.016029750382238639e-01,4.581294037005389508e-01,1.049999999999999822e+00,9.973247965796232517e-01,0.000000000000000000e+00,0.000000000000000000e+00,-7.309753844975218351e-02
-8.016417625900303934e-01,4.578678199761716527e-01,1.050000000000000044e+00,9.972599751485223818e-01,0.000000000000000000e+00,0.000000000000000000e+00,-7.397663122073436237e-02
-8.016810112426614454e-01,4.576063050391305786e-01,1.050000000000000044e+00,9.971943788405189801e-01,0.000000000000000000e+00,0.000000000000000000e+00,-7.485566651143631123e-02
-8.017207208741308211e-01,4.573448597022098383e-01,1.050000000000000044e+00,9.971280077065820535e-01,0.000000000000000000e+00,0.000000000000000000e+00,-7.573464363884238604e-02
-8.017608913610200227e-01,4.570834847779878807e-01,1.049999999999999822e+00,9.970608617982821276e-01,0.000000000000000000e+00,0.000000000000000000e+00,-7.661356191998217047e-02
-8.018015225784785871e-01,4.568221810788238857e-01,1.050000000000000044e+00,9.969929411677920239e-01,0.000000000000000000e+00,0.000000000000000000e+00,-7.749242067193093386e-02
-8.018426144002234190e-01,4.565609494168558213e-01,1.050000000000000266e+00,9.969242458678866381e-01,0.000000000000000000e+00,0.000000000000000000e+00,-7.837121921181025574e-02
-8.018841666985405681e-01,4.562997906039975016e-01,1.050000000000000044e+00,9.968547759519423845e-01,0.000000000000000000e+00,0.000000000000000000e+00,-7.924995685678845603e-02
-8.019261793442845621e-01,4.560387054519367545e-01,1.050000000000000044e+00,9.967845314739378626e-01,0.000000000000000000e+00,0.000000000000000000e+00,-8.012863292408116400e-02
-8.019686522068787404e-01,4.557776947721322025e-01,1.050000000000000044e+00,9.967135124884535236e-01,0.000000000000000000e+00,0.000000000000000000e+00,-8.100724673095191508e-02
-8.020115851543166974e-01,4.555167593758110978e-01,1.050000000000000044e+00,9.966417190506715595e-01,0.000000000000000000e+00,0.000000000000000000e+00,-8.188579759471255326e-02
-8.020549780531617268e-01,4.552559000739665462e-01,1.049999999999999822e+00,9.965691512163759036e-01,0.000000000000000000e+00,0.000000000000000000e+00,-8.276428483272384173e-02
-8.020988307685474883e-01,4.549951176773554540e-01,1.050000000000000044e+00,9.964958090419520076e-01,0.000000000000000000e+00,0.000000000000000000e+00,-8.364270776239605965e-02
-8.021431431641794507e-01,4.547344129964954185e-01,1.050000000000000044e+00,9.964216925843872863e-01,0.000000000000000000e+00,0.000000000000000000e+00,-8.452106570118934903e-02
-8.021879151023328935e-01,4.544737868416625637e-01,1.050000000000000266e+00,9.963468019012707844e-01,0.000000000000000000e+00,0.000000000000000000e+00,-8.539935796661439482e-02
-8.022331464438560156e-01,4.542132400228889866e-01,1.050000000000000044e+00,9.962711370507928432e-01,0.000000000000000000e+00,0.000000000000000000e+00,-8.627758387623291059e-02
-8.022788370481684916e-01,4.539527733499604256e-01,1.050000000000000044e+00,9.961946980917455452e-01,0.000000000000000000e+00,0.000000000000000000e+00,-8.715574274765816587e-02
