-1.299999999999999822e+00,4.299999999999999933e-01,5.000000000000000000e-01,1.699671429002410361e-01,9.854497299884601436e-01,0.000000000000000000e+00,0.000000000000000000e+00
-1.291919191919191690e+00,4.299999999999999933e-01,5.000000000000000000e-01,1.699671429002410361e-01,9.854497299884601436e-01,0.000000000000000000e+00,0.000000000000000000e+00
-1.283838383838383557e+00,4.299999999999999933e-01,5.000000000000000000e-01,1.699671429002410361e-01,9.854497299884601436e-01,0.000000000000000000e+00,0.000000000000000000e+00
-1.275757575757575646e+00,4.299999999999999933e-01,5.000000000000000000e-01,1.699671429002410361e-01,9.854497299884601436e-01,0.000000000000000000e+00,0.000000000000000000e+00
-1.267676767676767513e+00,4.299999999999999933e-01,5.000000000000000000e-01,1.699671429002410361e-01,9.854497299884601436e-01,0.000000000000000000e+00,0.000000000000000000e+00
-1.259595959595959380e+00,4.299999999999999933e-01,5.000000000000000000e-01,1.699671429002410361e-01,9.854497299884601436e-01,0.000000000000000000e+00,0.000000000000000000e+00
-1.251515151515151247e+00,4.299999999999999933e-01,5.000000000000000000e-01,1.699671429002410361e-01,9.854497299884601436e-01,0.000000000000000000e+00,0.000000000000000000e+00
-1.243434343434343337e+00,4.299999999999999933e-01,5.000000000000000000e-01,1.699671429002410361e-01,9.854497299884601436e-01,0.000000000000000000e+00,0.000000000000000000e+00
-1.235353535353535204e+00,4.299999999999999933e-01,5.000000000000000000e-01,1.699671429002410361e-01,9.854497299884601436e-01,0.000000000000000000e+00,0.000000000000000000e+00
-1.227272727272727071e+00,4.299999999999999933e-01,5.000000000000000000e-01,1.699671429002410361e-01,9.854497299884601436e-01,0.000000000000000000e+00,0.000000000000000000e+00
-1.219191919191918938e+00,4.299999999999999933e-01,5.000000000000000000e-01,1.699671429002410361e-01,9.854497299884601436e-01,0.000000000000000000e+00,0.000000000000000000e+00
-1.211111111111111027e+00,4.299999999999999933e-01,5.000000000000000000e-01,1.699671429002410361e-01,9.854497299884601436e-01,0.000000000000000000e+00,0.000000000000000000e+00
-1.203030303030302894e+00,4.299999999999999933e-01,5.000000000000000000e-01,1.699671429002410361e-01,9.854497299884601436e-01,0.000000000000000000e+00,0.000000000000000000e+00
-1.194949494949494762e+00,4.299999999999999933e-01,5.000000000000000000e-01,1.699671429002410361e-01,9.854497299884601436e-01,0.000000000000000000e+00,0.000000000000000000e+00
-1.186868686868686629e+00,4.299999999999999933e-01,5.000000000000000000e-01,1.699671429002410361e-01,9.854497299884601436e-01,0.000000000000000000e+00,0.000000000000000000e+00
-1.178787878787878718e+00,4.299999999999999933e-01,5.000000000000000000e-01,1.699671429002410361e-01,9.854497299884601436e-01,0.000000000000000000e+00,0.000000000000000000e+00
-1.170707070707070585e+00,4.299999999999999933e-01,5.000000000000000000e-01,1.699671429002410361e-01,9.854497299884601436e-01,0.000000000000000000e+00,0.000000000000000000e+00
-1.162626262626262452e+00,4.299999999999999933e-01,5.000000000000000000e-01,1.699671429002410361e-01,9.854497299884601436e-01,0.000000000000000000e+00,0.000000000000000000e+00
-1.154545454545454319e+00,4.299999999999999933e-01,5.000000000000000000e-01,1.699671429002410361e-01,9.854497299884601436e-01,0.000000000000000000e+00,0.000000000000000000e+00
-1.146464646464646187e+00,4.299999999999999933e-01,5.000000000000000000e-01,1.699671429002410361e-01,9.854497299884601436e-01,0.000000000000000000e+00,0.000000000000000000e+00
-1.138383838383838276e+00,4.299999999999999933e-01,5.000000000000000000e-01,1.699671429002410361e-01,9.854497299884601436e-01,0.000000000000000000e+00,0.000000000000000000e+00
-1.130303030303030143e+00,4.299999999999999933e-01,5.000000000000000000e-01,1.699671429002410361e-01,9.854497299884601436e-01,0.000000000000000000e+00,0.000000000000000000e+00
-1.122222222222222010e+00,4.299999999999999933e-01,5.000000000000000000e-01,1.699671429002410361e-01,9.854497299884601436e-01,0.000000000000000000e+00,0.000000000000000000e+00
-1.114141414141413877e+00,4.299999999999999933e-01,5.000000000000000000e-01,1.699671429002410361e-01,9.854497299884601436e-01,0.000000000000000000e+00,0.000000000000000000e+00
-1.106060606060605966e+00,4.299999999999999933e-01,5.000000000000000000e-01,1.699671429002410361e-01,9.854497299884601436e-01,0.000000000000000000e+00,0.000000000000000000e+00
-1.097979797979797834e+00,4.299999999999999933e-01,5.000000000000000000e-01,1.699671429002410361e-01,9.854497299884601436e-01,0.000000000000000000e+00,0.000000000000000000e+00
-1.089898989898989701e+00,4.299999999999999933e-01,5.000000000000000000e-01,1.699671429002410361e-01,9.854497299884601436e-01,0.000000000000000000e+00,0.000000000000000000e+00
-1.081818181818181568e+00,4.299999999999999933e-01,5.000000000000000000e-01,1.699671429002410361e-01,9.854497299884601436e-01,0.000000000000000000e+00,0.000000000000000000e+00
-1.073737373737373435e+00,4.299999999999999933e-01,5.000000000000000000e-01,1.699671429002410361e-01,9.854497299884601436e-01,0.000000000000000000e+00,0.000000000000000000e+00
-1.065656565656565524e+00,4.299999999999999933e-01,5.000000000000000000e-01,1.699671429002410361e-01,9.854497299884601436e-01,0.000000000000000000e+00,0.000000000000000000e+00
-1.057575757575757391e+00,4.299999999999999933e-01,5.000000000000000000e-01,1.699671429002410361e-01,9.854497299884601436e-01,0.000000000000000000e+00,0.000000000000000000e+00
-1.049494949494949259e+00,4.299999999999999933e-01,5.000000000000000000e-01,1.699671429002410361e-01,9.854497299884601436e-01,0.000000000000000000e+00,0.000000000000000000e+00
-1.041414141414141348e+00,4.299999999999999933e-01,5.000000000000000000e-01,1.699671429002410361e-01,9.854497299884601436e-01,0.000000000000000000e+00,0.000000000000000000e+00
-1.033333333333333215e+00,4.299999999999999933e-01,5.000000000000000000e-01,1.699671429002410361e-01,9.854497299884601436e-01,0.000000000000000000e+00,0.000000000000000000e+00
-1.025252525252525082e+00,4.299999999999999933e-01,5.000000000000000000e-01,1.699671429002410361e-01,9.854497299884601436e-01,0.000000000000000000e+00,0.000000000000000000e+00
-1.017171717171716949e+00,4.299999999999999933e-01,5.000000000000000000e-01,1.699671429002410361e-01,9.854497299884601436e-01,0.000000000000000000e+00,0.000000000000000000e+00
-1.009090909090908816e+00,4.299999999999999933e-01,5.000000000000000000e-01,1.699671429002410361e-01,9.854497299884601436e-01,0.000000000000000000e+00,0.000000000000000000e+00
-1.001010101010100906e+00,4.299999999999999933e-01,5.000000000000000000e-01,1.699671429002410361e-01,9.854497299884601436e-01,0.000000000000000000e+00,0.000000000000000000e+00
-9.929292929292928838e-01,4.299999999999999933e-01,5.000000000000000000e-01,1.699671429002410361e-01,9.854497299884601436e-01,0.000000000000000000e+00,0.000000000000000000e+00
-9.848484848484847509e-01,4.299999999999999933e-01,5.000000000000000000e-01,1.699671429002410361e-01,9.854497299884601436e-01,0.000000000000000000e+00,0.000000000000000000e+00
-9.767676767676768401e-01,4.299999999999999933e-01,5.000000000000000000e-01,1.699671429002410361e-01,9.854497299884601436e-01,0.000000000000000000e+00,0.000000000000000000e+00
-9.686868686868687073e-01,4.299999999999999933e-01,5.000000000000000000e-01,1.699671429002410361e-01,9.854497299884601436e-01,0.000000000000000000e+00,0.000000000000000000e+00
-9.606060606060605744e-01,4.299999999999999933e-01,5.000000000000000000e-01,1.699671429002410361e-01,9.854497299884601436e-01,0.000000000000000000e+00,0.000000000000000000e+00
-9.525252525252524416e-01,4.299999999999999933e-01,5.000000000000000000e-01,1.699671429002410361e-01,9.854497299884601436e-01,0.000000000000000000e+00,0.000000000000000000e+00
-9.444444444444443088e-01,4.299999999999999933e-01,5.000000000000000000e-01,1.699671429002410361e-01,9.854497299884601436e-01,0.000000000000000000e+00,0.000000000000000000e+00
-9.363636363636361759e-01,4.299999999999999933e-01,5.000000000000000000e-01,1.699671429002410361e-01,9.854497299884601436e-01,0.000000000000000000e+00,0.000000000000000000e+00
-9.282828282828282651e-01,4.299999999999999933e-01,5.000000000000000000e-01,1.699671429002410361e-01,9.854497299884601436e-01,0.000000000000000000e+00,0.000000000000000000e+00
-9.202020202020201323e-01,4.299999999999999933e-01,5.000000000000000000e-01,1.699671429002410361e-01,9.854497299884601436e-01,0.000000000000000000e+00,0.000000000000000000e+00
-9.121212121212119994e-01,4.299999999999999933e-01,5.000000000000000000e-01,1.699671429002410361e-01,9.854497299884601436e-01,0.000000000000000000e+00,0.000000000000000000e+00
-9.040404040404040886e-01,4.299999999999999933e-01,5.000000000000000000e-01,1.699671429002410361e-01,9.854497299884601436e-01,0.000000000000000000e+00,0.000000000000000000e+00
-8.959595959595959558e-01,4.299999999999999933e-01,5.000000000000000000e-01,1.699671429002410361e-01,9.854497299884601436e-01,0.000000000000000000e+00,0.000000000000000000e+00
-8.878787878787878229e-01,4.299999999999999933e-01,5.000000000000000000e-01,1.699671429002410361e-01,9.854497299884601436e-01,0.000000000000000000e+00,0.000000000000000000e+00
-8.797979797979796901e-01,4.299999999999999933e-01,5.000000000000000000e-01,1.699671429002410361e-01,9.854497299884601436e-01,0.000000000000000000e+00,0.000000000000000000e+00
-8.717171717171716683e-01,4.299999999999999933e-01,5.000000000000000000e-01,1.699671429002410361e-01,9.854497299884601436e-01,0.000000000000000000e+00,0.000000000000000000e+00
-8.636363636363636465e-01,4.299999999999999933e-01,5.000000000000000000e-01,1.699671429002410361e-01,9.854497299884601436e-01,0.000000000000000000e+00,0.000000000000000000e+00
-8.555555555555555136e-01,4.299999999999999933e-01,5.000000000000000000e-01,1.699671429002410361e-01,9.854497299884601436e-01,0.000000000000000000e+00,0.000000000000000000e+00
-8.474747474747473808e-01,4.299999999999999933e-01,5.000000000000000000e-01,1.699671429002410361e-01,9.854497299884601436e-01,0.000000000000000000e+00,0.000000000000000000e+00
-8.393939393939392479e-01,4.299999999999999933e-01,5.000000000000000000e-01,1.699671429002410361e-01,9.854497299884601436e-01,0.000000000000000000e+00,0.000000000000000000e+00
-8.313131313131312261e-01,4.299999999999999933e-01,5.000000000000000000e-01,1.699671429002410361e-01,9.854497299884601436e-01,0.000000000000000000e+00,0.000000000000000000e+00
-8.232323232323232043e-01,4.299999999999999933e-01,5.000000000000000000e-01,1.699671429002410361e-01,9.854497299884601436e-01,0.000000000000000000e+00,0.000000000000000000e+00
-8.151515151515150714e-01,4.299999999999999933e-01,5.000000000000000000e-01,1.699671429002410361e-01,9.854497299884601436e-01,0.000000000000000000e+00,0.000000000000000000e+00
-8.070707070707069386e-01,4.299999999999999933e-01,5.000000000000000000e-01,1.699671429002410361e-01,9.854497299884601436e-01,0.000000000000000000e+00,0.000000000000000000e+00
-7.989898989898989168e-01,4.299999999999999933e-01,5.000000000000000000e-01,1.699671429002410361e-01,9.854497299884601436e-01,0.000000000000000000e+00,0.000000000000000000e+00
-7.909090909090908950e-01,4.299999999999999933e-01,5.000000000000000000e-01,1.699671429002410361e-01,9.854497299884601436e-01,0.000000000000000000e+00,0.000000000000000000e+00
-7.828282828282827621e-01,4.299999999999999933e-01,5.000000000000000000e-01,1.699671429002410361e-01,9.854497299884601436e-01,0.000000000000000000e+00,0.000000000000000000e+00
-7.747474747474746293e-01,4.299999999999999933e-01,5.000000000000000000e-01,1.699671429002410361e-01,9.854497299884601436e-01,0.000000000000000000e+00,0.000000000000000000e+00
-7.666666666666666075e-01,4.299999999999999933e-01,5.000000000000000000e-01,1.699671429002410361e-01,9.854497299884601436e-01,0.000000000000000000e+00,0.000000000000000000e+00
-7.585858585858584746e-01,4.299999999999999933e-01,5.000000000000000000e-01,1.699671429002410361e-01,9.854497299884601436e-01,0.000000000000000000e+00,0.000000000000000000e+00
-7.505050505050504528e-01,4.299999999999999933e-01,5.000000000000000000e-01,1.699671429002410361e-01,9.854497299884601436e-01,0.000000000000000000e+00,0.000000000000000000e+00
-7.424242424242423199e-01,4.299999999999999933e-01,5.000000000000000000e-01,1.699671429002410361e-01,9.854497299884601436e-01,0.000000000000000000e+00,0.000000000000000000e+00
-7.343434343434342981e-01,4.299999999999999933e-01,5.000000000000000000e-01,1.699671429002410361e-01,9.854497299884601436e-01,0.000000000000000000e+00,0.000000000000000000e+00
-7.262626262626261653e-01,4.299999999999999933e-01,5.000000000000000000e-01,1.699671429002410361e-01,9.854497299884601436e-01,0.000000000000000000e+00,0.000000000000000000e+00
-7.181818181818181435e-01,4.299999999999999933e-01,5.000000000000000000e-01,1.699671429002410361e-01,9.854497299884601436e-01,0.000000000000000000e+00,0.000000000000000000e+00
-7.101010101010100106e-01,4.299999999999999933e-01,5.000000000000000000e-01,1.699671429002410361e-01,9.854497299884601436e-01,0.000000000000000000e+00,0.000000000000000000e+00
-7.020202020202019888e-01,4.299999999999999933e-01,5.000000000000000000e-01,1.699671429002410361e-01,9.854497299884601436e-01,0.000000000000000000e+00,0.000000000000000000e+00
-6.939393939393938560e-01,4.299999999999999933e-01,5.000000000000000000e-01,1.699671429002410361e-01,9.854497299884601436e-01,0.000000000000000000e+00,0.000000000000000000e+00
-6.858585858585858341e-01,4.299999999999999933e-01,5.000000000000000000e-01,1.699671429002410361e-01,9.854497299884601436e-01,0.000000000000000000e+00,0.000000000000000000e+00
-6.777777777777777013e-01,4.299999999999999933e-01,5.000000000000000000e-01,1.699671429002410361e-01,9.854497299884601436e-01,0.000000000000000000e+00,0.000000000000000000e+00
-6.696969696969696795e-01,4.299999999999999933e-01,5.000000000000000000e-01,1.699671429002410361e-01,9.854497299884601436e-01,0.000000000000000000e+00,0.000000000000000000e+00
-6.616161616161615466e-01,4.299999999999999933e-01,5.000000000000000000e-01,1.699671429002410361e-01,9.854497299884601436e-01,0.000000000000000000e+00,0.000000000000000000e+00
-6.535353535353535248e-01,4.299999999999999933e-01,5.000000000000000000e-01,1.699671429002410361e-01,9.854497299884601436e-01,0.000000000000000000e+00,0.000000000000000000e+00
-6.454545454545453920e-01,4.299999999999999933e-01,5.000000000000000000e-01,1.699671429002410361e-01,9.854497299884601436e-01,0.000000000000000000e+00,0.000000000000000000e+00
-6.373737373737372591e-01,4.299999999999999933e-01,5.000000000000000000e-01,1.699671429002410361e-01,9.854497299884601436e-01,0.000000000000000000e+00,0.000000000000000000e+00
-6.292929292929292373e-01,4.299999999999999933e-01,5.000000000000000000e-01,1.699671429002410361e-01,9.854497299884601436e-01,0.000000000000000000e+00,0.000000000000000000e+00
-6.212121212121211045e-01,4.299999999999999933e-01,5.000000000000000000e-01,1.699671429002410361e-01,9.854497299884601436e-01,0.000000000000000000e+00,0.000000000000000000e+00
-6.131313131313130826e-01,4.299999999999999933e-01,5.000000000000000000e-01,1.699671429002410361e-01,9.854497299884601436e-01,0.000000000000000000e+00,0.000000000000000000e+00
-6.050505050505049498e-01,4.299999999999999933e-01,5.000000000000000000e-01,1.699671429002410361e-01,9.854497299884601436e-01,0.000000000000000000e+00,0.000000000000000000e+00
-5.969696969696969280e-01,4.299999999999999933e-01,5.000000000000000000e-01,1.699671429002410361e-01,9.854497299884601436e-01,0.000000000000000000e+00,0.000000000000000000e+00
-5.888888888888887951e-01,4.299999999999999933e-01,5.000000000000000000e-01,1.699671429002410361e-01,9.854497299884601436e-01,0.000000000000000000e+00,0.000000000000000000e+00
-5.808080808080807733e-01,4.299999999999999933e-01,5.000000000000000000e-01,1.699671429002410361e-01,9.854497299884601436e-01,0.000000000000000000e+00,0.000000000000000000e+00
-5.727272727272726405e-01,4.299999999999999933e-01,5.000000000000000000e-01,1.699671429002410361e-01,9.854497299884601436e-01,0.000000000000000000e+00,0.000000000000000000e+00
-5.646464646464646187e-01,4.299999999999999933e-01,5.000000000000000000e-01,1.699671429002410361e-01,9.854497299884601436e-01,0.000000000000000000e+00,0.000000000000000000e+00
-5.565656565656564858e-01,4.299999999999999933e-01,5.000000000000000000e-01,1.699671429002410361e-01,9.854497299884601436e-01,0.000000000000000000e+00,0.000000000000000000e+00
-5.484848484848484640e-01,4.299999999999999933e-01,5.000000000000000000e-01,1.699671429002410361e-01,9.854497299884601436e-01,0.000000000000000000e+00,0.000000000000000000e+00
-5.404040404040403311e-01,4.299999999999999933e-01,5.000000000000000000e-01,1.699671429002410361e-01,9.854497299884601436e-01,0.000000000000000000e+00,0.000000000000000000e+00
-5.323232323232323093e-01,4.299999999999999933e-01,5.000000000000000000e-01,1.699671429002410361e-01,9.854497299884601436e-01,0.000000000000000000e+00,0.000000000000000000e+00
-5.242424242424241765e-01,4.299999999999999933e-01,5.000000000000000000e-01,1.699671429002410361e-01,9.854497299884601436e-01,0.000000000000000000e+00,0.000000000000000000e+00
-5.161616161616160436e-01,4.299999999999999933e-01,5.000000000000000000e-01,1.699671429002410361e-01,9.854497299884601436e-01,0.000000000000000000e+00,0.000000000000000000e+00
-5.080808080808080218e-01,4.299999999999999933e-01,5.000000000000000000e-01,1.699671429002410361e-01,9.854497299884601436e-01,0.000000000000000000e+00,0.000000000000000000e+00
-4.999999999999998890e-01,4.299999999999999933e-01,5.000000000000000000e-01,1.699671429002410361e-01,9.854497299884601436e-01,0.000000000000000000e+00,0.000000000000000000e+00
