4.700000000000001954e-01,4.000000000000000222e-01,5.000000000000000000e-01,1.699671429002410361e-01,9.854497299884601436e-01,0.000000000000000000e+00,0.000000000000000000e+00
4.619191919191920626e-01,4.000000000000000222e-01,5.000000000000000000e-01,1.699671429002410361e-01,9.854497299884601436e-01,0.000000000000000000e+00,0.000000000000000000e+00
4.538383838383839297e-01,4.000000000000000222e-01,5.000000000000000000e-01,1.699671429002410361e-01,9.854497299884601436e-01,0.000000000000000000e+00,0.000000000000000000e+00
4.457575757575760189e-01,4.000000000000000222e-01,5.000000000000000000e-01,1.699671429002410361e-01,9.854497299884601436e-01,0.000000000000000000e+00,0.000000000000000000e+00
4.376767676767678861e-01,4.000000000000000222e-01,5.000000000000000000e-01,1.699671429002410361e-01,9.854497299884601436e-01,0.000000000000000000e+00,0.000000000000000000e+00
4.295959595959597532e-01,4.000000000000000222e-01,5.000000000000000000e-01,1.699671429002410361e-01,9.854497299884601436e-01,0.000000000000000000e+00,0.000000000000000000e+00
4.215151515151516204e-01,4.000000000000000222e-01,5.000000000000000000e-01,1.699671429002410361e-01,9.854497299884601436e-01,0.000000000000000000e+00,0.000000000000000000e+00
4.134343434343437096e-01,4.000000000000000222e-01,5.000000000000000000e-01,1.699671429002410361e-01,9.854497299884601436e-01,0.000000000000000000e+00,0.000000000000000000e+00
4.053535353535355767e-01,4.000000000000000222e-01,5.000000000000000000e-01,1.699671429002410361e-01,9.854497299884601436e-01,0.000000000000000000e+00,0.000000000000000000e+00
3.972727272727274439e-01,4.000000000000000222e-01,5.000000000000000000e-01,1.699671429002410361e-01,9.854497299884601436e-01,0.000000000000000000e+00,0.000000000000000000e+00
3.891919191919193111e-01,4.000000000000000222e-01,5.000000000000000000e-01,1.699671429002410361e-01,9.854497299884601436e-01,0.000000000000000000e+00,0.000000000000000000e+00
3.811111111111114003e-01,4.000000000000000222e-01,5.000000000000000000e-01,1.699671429002410361e-01,9.854497299884601436e-01,0.000000000000000000e+00,0.000000000000000000e+00
3.730303030303032674e-01,4.000000000000000222e-01,5.000000000000000000e-01,1.699671429002410361e-01,9.854497299884601436e-01,0.000000000000000000e+00,0.000000000000000000e+00
3.649494949494951346e-01,4.000000000000000222e-01,5.000000000000000000e-01,1.699671429002410361e-01,9.854497299884601436e-01,0.000000000000000000e+00,0.000000000000000000e+00
3.568686868686870017e-01,4.000000000000000222e-01,5.000000000000000000e-01,1.699671429002410361e-01,9.854497299884601436e-01,0.000000000000000000e+00,0.000000000000000000e+00
3.487878787878790909e-01,4.000000000000000222e-01,5.000000000000000000e-01,1.699671429002410361e-01,9.854497299884601436e-01,0.000000000000000000e+00,0.000000000000000000e+00
3.407070707070709581e-01,4.000000000000000222e-01,5.000000000000000000e-01,1.699671429002410361e-01,9.854497299884601436e-01,0.000000000000000000e+00,0.000000000000000000e+00
3.326262626262628253e-01,4.000000000000000222e-01,5.000000000000000000e-01,1.699671429002410361e-01,9.854497299884601436e-01,0.000000000000000000e+00,0.000000000000000000e+00
3.245454545454546924e-01,4.000000000000000222e-01,5.000000000000000000e-01,1.699671429002410361e-01,9.854497299884601436e-01,0.000000000000000000e+00,0.000000000000000000e+00
3.164646464646465596e-01,4.000000000000000222e-01,5.000000000000000000e-01,1.699671429002410361e-01,9.854497299884601436e-01,0.000000000000000000e+00,0.000000000000000000e+00
3.083838383838386488e-01,4.000000000000000222e-01,5.000000000000000000e-01,1.699671429002410361e-01,9.854497299884601436e-01,0.000000000000000000e+00,0.000000000000000000e+00
3.003030303030305159e-01,4.000000000000000222e-01,5.000000000000000000e-01,1.699671429002410361e-01,9.854497299884601436e-01,0.000000000000000000e+00,0.000000000000000000e+00
2.922222222222223831e-01,4.000000000000000222e-01,5.000000000000000000e-01,1.699671429002410361e-01,9.854497299884601436e-01,0.000000000000000000e+00,0.000000000000000000e+00
2.841414141414142502e-01,4.000000000000000222e-01,5.000000000000000000e-01,1.699671429002410361e-01,9.854497299884601436e-01,0.000000000000000000e+00,0.000000000000000000e+00
2.760606060606063394e-01,4.000000000000000222e-01,5.000000000000000000e-01,1.699671429002410361e-01,9.854497299884601436e-01,0.000000000000000000e+00,0.000000000000000000e+00
2.679797979797982066e-01,4.000000000000000222e-01,5.000000000000000000e-01,1.699671429002410361e-01,9.854497299884601436e-01,0.000000000000000000e+00,0.000000000000000000e+00
2.598989898989900738e-01,4.000000000000000222e-01,5.000000000000000000e-01,1.699671429002410361e-01,9.854497299884601436e-01,0.000000000000000000e+00,0.000000000000000000e+00
2.518181818181819409e-01,4.000000000000000222e-01,5.000000000000000000e-01,1.699671429002410361e-01,9.854497299884601436e-01,0.000000000000000000e+00,0.000000000000000000e+00
2.437373737373738081e-01,4.000000000000000222e-01,5.000000000000000000e-01,1.699671429002410361e-01,9.854497299884601436e-01,0.000000000000000000e+00,0.000000000000000000e+00
2.356565656565658973e-01,4.000000000000000222e-01,5.000000000000000000e-01,1.699671429002410361e-01,9.854497299884601436e-01,0.000000000000000000e+00,0.000000000000000000e+00
2.275757575757577644e-01,4.000000000000000222e-01,5.000000000000000000e-01,1.699671429002410361e-01,9.854497299884601436e-01,0.000000000000000000e+00,0.000000000000000000e+00
2.194949494949496316e-01,4.000000000000000222e-01,5.000000000000000000e-01,1.699671429002410361e-01,9.854497299884601436e-01,0.000000000000000000e+00,0.000000000000000000e+00
2.114141414141417208e-01,4.000000000000000222e-01,5.000000000000000000e-01,1.699671429002410361e-01,9.854497299884601436e-01,0.000000000000000000e+00,0.000000000000000000e+00
2.033333333333335879e-01,4.000000000000000222e-01,5.000000000000000000e-01,1.699671429002410361e-01,9.854497299884601436e-01,0.000000000000000000e+00,0.000000000000000000e+00
1.952525252525254551e-01,4.000000000000000222e-01,5.000000000000000000e-01,1.699671429002410361e-01,9.854497299884601436e-01,0.000000000000000000e+00,0.000000000000000000e+00
1.871717171717173223e-01,4.000000000000000222e-01,5.000000000000000000e-01,1.699671429002410361e-01,9.854497299884601436e-01,0.000000000000000000e+00,0.000000000000000000e+00
1.790909090909091894e-01,4.000000000000000222e-01,5.000000000000000000e-01,1.699671429002410361e-01,9.854497299884601436e-01,0.000000000000000000e+00,0.000000000000000000e+00
1.710101010101012786e-01,4.000000000000000222e-01,5.000000000000000000e-01,1.699671429002410361e-01,9.854497299884601436e-01,0.000000000000000000e+00,0.000000000000000000e+00
1.629292929292931458e-01,4.000000000000000222e-01,5.000000000000000000e-01,1.699671429002410361e-01,9.854497299884601436e-01,0.000000000000000000e+00,0.000000000000000000e+00
1.548484848484850129e-01,4.000000000000000222e-01,5.000000000000000000e-01,1.699671429002410361e-01,9.854497299884601436e-01,0.000000000000000000e+00,0.000000000000000000e+00
1.467676767676771021e-01,4.000000000000000222e-01,5.000000000000000000e-01,1.699671429002410361e-01,9.854497299884601436e-01,0.000000000000000000e+00,0.000000000000000000e+00
1.386868686868689693e-01,4.000000000000000222e-01,5.000000000000000000e-01,1.699671429002410361e-01,9.854497299884601436e-01,0.000000000000000000e+00,0.000000000000000000e+00
1.306060606060608364e-01,4.000000000000000222e-01,5.000000000000000000e-01,1.699671429002410361e-01,9.854497299884601436e-01,0.000000000000000000e+00,0.000000000000000000e+00
1.225252525252527036e-01,4.000000000000000222e-01,5.000000000000000000e-01,1.699671429002410361e-01,9.854497299884601436e-01,0.000000000000000000e+00,0.000000000000000000e+00
1.144444444444445708e-01,4.000000000000000222e-01,5.000000000000000000e-01,1.699671429002410361e-01,9.854497299884601436e-01,0.000000000000000000e+00,0.000000000000000000e+00
1.063636363636364379e-01,4.000000000000000222e-01,5.000000000000000000e-01,1.699671429002410361e-01,9.854497299884601436e-01,0.000000000000000000e+00,0.000000000000000000e+00
9.828282828282852712e-02,4.000000000000000222e-01,5.000000000000000000e-01,1.699671429002410361e-01,9.854497299884601436e-01,0.000000000000000000e+00,0.000000000000000000e+00
9.020202020202039428e-02,4.000000000000000222e-01,5.000000000000000000e-01,1.699671429002410361e-01,9.854497299884601436e-01,0.000000000000000000e+00,0.000000000000000000e+00
8.212121212121226144e-02,4.000000000000000222e-01,5.000000000000000000e-01,1.699671429002410361e-01,9.854497299884601436e-01,0.000000000000000000e+00,0.000000000000000000e+00
7.404040404040435064e-02,4.000000000000000222e-01,5.000000000000000000e-01,1.699671429002410361e-01,9.854497299884601436e-01,0.000000000000000000e+00,0.000000000000000000e+00
6.595959595959621780e-02,4.000000000000000222e-01,5.000000000000000000e-01,1.699671429002410361e-01,9.854497299884601436e-01,0.000000000000000000e+00,0.000000000000000000e+00
5.787878787878808495e-02,4.000000000000000222e-01,5.000000000000000000e-01,1.699671429002410361e-01,9.854497299884601436e-01,0.000000000000000000e+00,0.000000000000000000e+00
4.979797979797995211e-02,4.000000000000000222e-01,5.000000000000000000e-01,1.699671429002410361e-01,9.854497299884601436e-01,0.000000000000000000e+00,0.000000000000000000e+00
4.171717171717181927e-02,4.000000000000000222e-01,5.000000000000000000e-01,1.699671429002410361e-01,9.854497299884601436e-01,0.000000000000000000e+00,0.000000000000000000e+00
3.363636363636390847e-02,4.000000000000000222e-01,5.000000000000000000e-01,1.699671429002410361e-01,9.854497299884601436e-01,0.000000000000000000e+00,0.000000000000000000e+00
2.555555555555577563e-02,4.000000000000000222e-01,5.000000000000000000e-01,1.699671429002410361e-01,9.854497299884601436e-01,0.000000000000000000e+00,0.000000000000000000e+00
1.747474747474764278e-02,4.000000000000000222e-01,5.000000000000000000e-01,1.699671429002410361e-01,9.854497299884601436e-01,0.000000000000000000e+00,0.000000000000000000e+00
9.393939393939509941e-03,4.000000000000000222e-01,5.000000000000000000e-01,1.699671429002410361e-01,9.854497299884601436e-01,0.000000000000000000e+00,0.000000000000000000e+00
1.313131313131599143e-03,4.000000000000000222e-01,5.000000000000000000e-01,1.699671429002410361e-01,9.854497299884601436e-01,0.000000000000000000e+00,0.000000000000000000e+00
-6.767676767676533700e-03,4.000000000000000222e-01,5.000000000000000000e-01,1.699671429002410361e-01,9.854497299884601436e-01,0.000000000000000000e+00,0.000000000000000000e+00
-1.484848484848466654e-02,4.000000000000000222e-01,5.000000000000000000e-01,1.699671429002410361e-01,9.854497299884601436e-01,0.000000000000000000e+00,0.000000000000000000e+00
-2.292929292929279939e-02,4.000000000000000222e-01,5.000000000000000000e-01,1.699671429002410361e-01,9.854497299884601436e-01,0.000000000000000000e+00,0.000000000000000000e+00
-3.101010101010093223e-02,4.000000000000000222e-01,5.000000000000000000e-01,1.699671429002410361e-01,9.854497299884601436e-01,0.000000000000000000e+00,0.000000000000000000e+00
-3.909090909090884303e-02,4.000000000000000222e-01,5.000000000000000000e-01,1.699671429002410361e-01,9.854497299884601436e-01,0.000000000000000000e+00,0.000000000000000000e+00
-4.717171717171697587e-02,4.000000000000000222e-01,5.000000000000000000e-01,1.699671429002410361e-01,9.854497299884601436e-01,0.000000000000000000e+00,0.000000000000000000e+00
-5.525252525252510871e-02,4.000000000000000222e-01,5.000000000000000000e-01,1.699671429002410361e-01,9.854497299884601436e-01,0.000000000000000000e+00,0.000000000000000000e+00
-6.333333333333301951e-02,4.000000000000000222e-01,5.000000000000000000e-01,1.699671429002410361e-01,9.854497299884601436e-01,0.000000000000000000e+00,0.000000000000000000e+00
-7.141414141414115235e-02,4.000000000000000222e-01,5.000000000000000000e-01,1.699671429002410361e-01,9.854497299884601436e-01,0.000000000000000000e+00,0.000000000000000000e+00
-7.949494949494928520e-02,4.000000000000000222e-01,5.000000000000000000e-01,1.699671429002410361e-01,9.854497299884601436e-01,0.000000000000000000e+00,0.000000000000000000e+00
-8.757575757575741804e-02,4.000000000000000222e-01,5.000000000000000000e-01,1.699671429002410361e-01,9.854497299884601436e-01,0.000000000000000000e+00,0.000000000000000000e+00
-9.565656565656555088e-02,4.000000000000000222e-01,5.000000000000000000e-01,1.699671429002410361e-01,9.854497299884601436e-01,0.000000000000000000e+00,0.000000000000000000e+00
-1.037373737373736837e-01,4.000000000000000222e-01,5.000000000000000000e-01,1.699671429002410361e-01,9.854497299884601436e-01,0.000000000000000000e+00,0.000000000000000000e+00
-1.118181818181815945e-01,4.000000000000000222e-01,5.000000000000000000e-01,1.699671429002410361e-01,9.854497299884601436e-01,0.000000000000000000e+00,0.000000000000000000e+00
-1.198989898989897274e-01,4.000000000000000222e-01,5.000000000000000000e-01,1.699671429002410361e-01,9.854497299884601436e-01,0.000000000000000000e+00,0.000000000000000000e+00
-1.279797979797976382e-01,4.000000000000000222e-01,5.000000000000000000e-01,1.699671429002410361e-01,9.854497299884601436e-01,0.000000000000000000e+00,0.000000000000000000e+00
-1.360606060606057710e-01,4.000000000000000222e-01,5.000000000000000000e-01,1.699671429002410361e-01,9.854497299884601436e-01,0.000000000000000000e+00,0.000000000000000000e+00
-1.441414141414139038e-01,4.000000000000000222e-01,5.000000000000000000e-01,1.699671429002410361e-01,9.854497299884601436e-01,0.000000000000000000e+00,0.000000000000000000e+00
-1.522222222222220367e-01,4.000000000000000222e-01,5.000000000000000000e-01,1.699671429002410361e-01,9.854497299884601436e-01,0.000000000000000000e+00,0.000000000000000000e+00
-1.603030303030301695e-01,4.000000000000000222e-01,5.000000000000000000e-01,1.699671429002410361e-01,9.854497299884601436e-01,0.000000000000000000e+00,0.000000000000000000e+00
-1.683838383838383024e-01,4.000000000000000222e-01,5.000000000000000000e-01,1.699671429002410361e-01,9.854497299884601436e-01,0.000000000000000000e+00,0.000000000000000000e+00
-1.764646464646464352e-01,4.000000000000000222e-01,5.000000000000000000e-01,1.699671429002410361e-01,9.854497299884601436e-01,0.000000000000000000e+00,0.000000000000000000e+00
-1.845454545454545681e-01,4.000000000000000222e-01,5.000000000000000000e-01,1.699671429002410361e-01,9.854497299884601436e-01,0.000000000000000000e+00,0.000000000000000000e+00
-1.926262626262627009e-01,4.000000000000000222e-01,5.000000000000000000e-01,1.699671429002410361e-01,9.854497299884601436e-01,0.000000000000000000e+00,0.000000000000000000e+00
-2.007070707070703897e-01,4.000000000000000222e-01,5.000000000000000000e-01,1.699671429002410361e-01,9.854497299884601436e-01,0.000000000000000000e+00,0.000000000000000000e+00
-2.087878787878785225e-01,4.000000000000000222e-01,5.000000000000000000e-01,1.699671429002410361e-01,9.854497299884601436e-01,0.000000000000000000e+00,0.000000000000000000e+00
-2.168686868686866553e-01,4.000000000000000222e-01,5.000000000000000000e-01,1.699671429002410361e-01,9.854497299884601436e-01,0.000000000000000000e+00,0.000000000000000000e+00
-2.249494949494947882e-01,4.000000000000000222e-01,5.000000000000000000e-01,1.699671429002410361e-01,9.854497299884601436e-01,0.000000000000000000e+00,0.000000000000000000e+00
-2.330303030303029210e-01,4.000000000000000222e-01,5.000000000000000000e-01,1.699671429002410361e-01,9.854497299884601436e-01,0.000000000000000000e+00,0.000000000000000000e+00
-2.411111111111110539e-01,4.000000000000000222e-01,5.000000000000000000e-01,1.699671429002410361e-01,9.854497299884601436e-01,0.000000000000000000e+00,0.000000000000000000e+00
-2.491919191919187426e-01,4.000000000000000222e-01,5.000000000000000000e-01,1.699671429002410361e-01,9.854497299884601436e-01,0.000000000000000000e+00,0.000000000000000000e+00
-2.572727272727268755e-01,4.000000000000000222e-01,5.000000000000000000e-01,1.699671429002410361e-01,9.854497299884601436e-01,0.000000000000000000e+00,0.000000000000000000e+00
-2.653535353535350083e-01,4.000000000000000222e-01,5.000000000000000000e-01,1.699671429002410361e-01,9.854497299884601436e-01,0.000000000000000000e+00,0.000000000000000000e+00
-2.734343434343431412e-01,4.000000000000000222e-01,5.000000000000000000e-01,1.699671429002410361e-01,9.854497299884601436e-01,0.000000000000000000e+00,0.000000000000000000e+00
-2.815151515151512740e-01,4.000000000000000222e-01,5.000000000000000000e-01,1.699671429002410361e-01,9.854497299884601436e-01,0.000000000000000000e+00,0.000000000000000000e+00
-2.895959595959594068e-01,4.000000000000000222e-01,5.000000000000000000e-01,1.699671429002410361e-01,9.854497299884601436e-01,0.000000000000000000e+00,0.000000000000000000e+00
-2.976767676767675397e-01,4.000000000000000222e-01,5.000000000000000000e-01,1.699671429002410361e-01,9.854497299884601436e-01,0.000000000000000000e+00,0.000000000000000000e+00
-3.057575757575756725e-01,4.000000000000000222e-01,5.000000000000000000e-01,1.699671429002410361e-01,9.854497299884601436e-01,0.000000000000000000e+00,0.000000000000000000e+00
-3.138383838383838054e-01,4.000000000000000222e-01,5.000000000000000000e-01,1.699671429002410361e-01,9.854497299884601436e-01,0.000000000000000000e+00,0.000000000000000000e+00
-3.219191919191919382e-01,4.000000000000000222e-01,5.000000000000000000e-01,1.699671429002410361e-01,9.854497299884601436e-01,0.000000000000000000e+00,0.000000000000000000e+00
-3.300000000000000711e-01,4.000000000000000222e-01,5.000000000000000000e-01,1.699671429002410361e-01,9.854497299884601436e-01,0.000000000000000000e+00,0.000000000000000000e+00
