9.999999999999997780e-02,4.000000000000000222e-01,1.000000000000000000e+00,1.000000000000000000e+00,0.000000000000000000e+00,0.000000000000000000e+00,0.000000000000000000e+00
1.007680639930249589e-01,3.882825013371893341e-01,1.000000000000000000e+00,9.999649379285491246e-01,0.000000000000000000e+00,0.000000000000000000e+00,8.373942533410640848e-03
1.017322567084585350e-01,3.765795090011302970e-01,1.000000000000000000e+00,9.998597541728942995e-01,0.000000000000000000e+00,0.000000000000000000e+00,1.674729785127841708e-02
1.028923076982898310e-01,3.648943055835024429e-01,1.000000000000000000e+00,9.996844561089560655e-01,0.000000000000000000e+00,0.000000000000000000e+00,2.511947877923845218e-02
1.042478915778987103e-01,3.532301686863421053e-01,1.000000000000000000e+00,9.994390560293611170e-01,0.000000000000000000e+00,0.000000000000000000e+00,3.348989822527895927e-02
1.057986281173198817e-01,3.415903700027026479e-01,9.999999999999998890e-01,9.991235711425796584e-01,0.000000000000000000e+00,0.000000000000000000e+00,4.185796922091054167e-02
1.075440823478964747e-01,3.299781743989714800e-01,1.000000000000000000e+00,9.987380235717188137e-01,0.000000000000000000e+00,0.000000000000000000e+00,5.022310496232691712e-02
1.094837646842836687e-01,3.183968389991024273e-01,1.000000000000000000e+00,9.982824403529716450e-01,0.000000000000000000e+00,0.000000000000000000e+00,5.858471885155393938e-02
1.116171310617743995e-01,3.068496122710198670e-01,9.999999999999998890e-01,9.977568534337208916e-01,0.000000000000000000e+00,0.000000000000000000e+00,6.694222453758436053e-02
1.139435830889045098e-01,2.953397331154503647e-01,1.000000000000000000e+00,9.971612996702988729e-01,0.000000000000000000e+00,0.000000000000000000e+00,7.529503595749514888e-02
1.164624682152962665e-01,2.838704299574380530e-01,9.999999999999998890e-01,9.964958208254025562e-01,0.000000000000000000e+00,0.000000000000000000e+00,8.364256737754464932e-02
1.191730799146941688e-01,2.724449198407982164e-01,1.000000000000000222e+00,9.957604635651658986e-01,0.000000000000000000e+00,0.000000000000000000e+00,9.198423343424670662e-02
1.220746578831382045e-01,2.610664075257637107e-01,9.999999999999998890e-01,9.949552794558861324e-01,0.000000000000000000e+00,0.000000000000000000e+00,1.003194491754187262e-01
1.251663882522247029e-01,2.497380845900762925e-01,1.000000000000000000e+00,9.940803249604091008e-01,0.000000000000000000e+00,0.000000000000000000e+00,1.086476301012009593e-01
1.284474038173878396e-01,2.384631285337757700e-01,1.000000000000000000e+00,9.931356614341687594e-01,0.000000000000000000e+00,0.000000000000000000e+00,1.169681922050440082e-01
1.319167842811440616e-01,2.272447018879372171e-01,9.999999999999998890e-01,9.921213551208851733e-01,0.000000000000000000e+00,0.000000000000000000e+00,1.252805520146619278e-01
1.355735565112280439e-01,2.160859513276086608e-01,1.000000000000000000e+00,9.910374771479192324e-01,0.000000000000000000e+00,0.000000000000000000e+00,1.335841266329475807e-01
1.394166948135484585e-01,2.049900067891931577e-01,1.000000000000000000e+00,9.898841035212848638e-01,0.000000000000000000e+00,0.000000000000000000e+00,1.418783337788478149e-01
1.434451212198849523e-01,1.939599805925296683e-01,1.000000000000000000e+00,9.886613151203190730e-01,0.000000000000000000e+00,0.000000000000000000e+00,1.501625918281954963e-01
1.476577057902509482e-01,1.829989665679120359e-01,1.000000000000000000e+00,9.873691976920102586e-01,0.000000000000000000e+00,0.000000000000000000e+00,1.584363198544952722e-01
1.520532669298320094e-01,1.721100391882957603e-01,1.000000000000000000e+00,9.860078418449857995e-01,0.000000000000000000e+00,0.000000000000000000e+00,1.666989376696608183e-01
1.566305717204128367e-01,1.612962527069342067e-01,1.000000000000000000e+00,9.845773430431575823e-01,0.000000000000000000e+00,0.000000000000000000e+00,1.749498658646996274e-01
1.613883362662009713e-01,1.505606403006858884e-01,1.000000000000000000e+00,9.830778015990280227e-01,0.000000000000000000e+00,0.000000000000000000e+00,1.831885258503438696e-01
1.663252260539480609e-01,1.399062132192334662e-01,9.999999999999998890e-01,9.815093226666555815e-01,0.000000000000000000e+00,0.000000000000000000e+00,1.914143398976234645e-01
1.714398563272718778e-01,1.293359599404537708e-01,9.999999999999998890e-01,9.798720162342811069e-01,0.000000000000000000e+00,0.000000000000000000e+00,1.996267311783786191e-01
1.767307924750655124e-01,1.188528453321742728e-01,1.000000000000000000e+00,9.781659971166148937e-01,0.000000000000000000e+00,0.000000000000000000e+00,2.078251238057096384e-01
1.821965504338971531e-01,1.084598098205530881e-01,1.000000000000000000e+00,9.763913849467852346e-01,0.000000000000000000e+00,0.000000000000000000e+00,2.160089428743603435e-01
1.878355971042749983e-01,9.815976856531283268e-02,1.000000000000000000e+00,9.745483041679495750e-01,0.000000000000000000e+00,0.000000000000000000e+00,2.241776145010328514e-01
1.936463507806703843e-01,8.795561064206364188e-02,1.000000000000000000e+00,9.726368840245677161e-01,0.000000000000000000e+00,0.000000000000000000e+00,2.323305658646307448e-01
1.996271815951725648e-01,7.785019823194133659e-02,1.000000000000000000e+00,9.706572585533391750e-01,0.000000000000000000e+00,0.000000000000000000e+00,2.404672252464274962e-01
2.057764119746526843e-01,6.784636581878950023e-02,9.999999999999998890e-01,9.686095665738031490e-01,0.000000000000000000e+00,0.000000000000000000e+00,2.485870220701578703e-01
2.120923171113093808e-01,5.794691939410973047e-02,1.000000000000000000e+00,9.664939516786047458e-01,0.000000000000000000e+00,0.000000000000000000e+00,2.566893869420291407e-01
2.185731254464632345e-01,4.815463567000571876e-02,1.000000000000000000e+00,9.643105622234252605e-01,0.000000000000000000e+00,0.000000000000000000e+00,2.647737516906490951e-01
2.252170191674636168e-01,3.847226130033781777e-02,1.000000000000000000e+00,9.620595513165787205e-01,0.000000000000000000e+00,0.000000000000000000e+00,2.728395494068688309e-01
2.320221347175704940e-01,2.890251211030958611e-02,1.000000000000000000e+00,9.597410768082756949e-01,0.000000000000000000e+00,0.000000000000000000e+00,2.808862144835367891e-01
2.389865633186656346e-01,1.944807233470147168e-02,1.000000000000000000e+00,9.573553012795539274e-01,0.000000000000000000e+00,0.000000000000000000e+00,2.889131826551611382e-01
2.461083515066506688e-01,1.011159386496629509e-02,1.000000000000000000e+00,9.549023920308774560e-01,0.000000000000000000e+00,0.000000000000000000e+00,2.969198910374789002e-01
2.533855016793751247e-01,8.956955053939230638e-04,1.000000000000000000e+00,9.523825210704051081e-01,0.000000000000000000e+00,0.000000000000000000e+00,3.049057781669270439e-01
2.608159726569496684e-01,-8.197037761439318615e-03,1.000000000000000000e+00,9.497958651019281495e-01,0.000000000000000000e+00,0.000000000000000000e+00,3.128702840400154339e-01
2.683976802542780149e-01,-1.716405549973787359e-02,1.000000000000000000e+00,9.471426055124791965e-01,0.000000000000000000e+00,0.000000000000000000e+00,3.208128501525961962e-01
2.761284978656547429e-01,-2.600284253586315764e-02,9.999999999999998890e-01,9.444229283596130564e-01,0.000000000000000000e+00,0.000000000000000000e+00,3.287329195390281122e-01
2.840062570612590376e-01,-3.471091966381878446e-02,1.000000000000000000e+00,9.416370243583589428e-01,0.000000000000000000e+00,0.000000000000000000e+00,3.366299368112337653e-01
2.920287481953831588e-01,-4.328584434064575159e-02,9.999999999999997780e-01,9.387850888678471728e-01,0.000000000000000000e+00,0.000000000000000000e+00,3.445033481976454981e-01
3.001937210262179967e-01,-5.172521137153629489e-02,9.999999999999998890e-01,9.358673218776096814e-01,0.000000000000000000e+00,0.000000000000000000e+00,3.523526015820380719e-01
3.084988853470270742e-01,-6.002665358447145660e-02,1.000000000000000000e+00,9.328839279935557949e-01,0.000000000000000000e+00,0.000000000000000000e+00,3.601771465422455298e-01
3.169419116285320248e-01,-6.818784249419362897e-02,1.000000000000000000e+00,9.298351164236244859e-01,0.000000000000000000e+00,0.000000000000000000e+00,3.679764343887589328e-01
3.255204316723248059e-01,-7.620648895532433631e-02,1.000000000000000000e+00,9.267211009631141083e-01,0.000000000000000000e+00,0.000000000000000000e+00,3.757499182032028040e-01
3.342320392751273461e-01,-8.408034380445283951e-02,1.000000000000000222e+00,9.235420999796898345e-01,0.000000000000000000e+00,0.000000000000000000e+00,3.834970528766872833e-01
3.430742909037118871e-01,-9.180719849100815733e-02,1.000000000000000000e+00,9.202983363980706821e-01,0.000000000000000000e+00,0.000000000000000000e+00,3.912172951480333838e-01
3.520447063802928378e-01,-9.938488569673675777e-02,1.000000000000000000e+00,9.169900376843977963e-01,0.000000000000000000e+00,0.000000000000000000e+00,3.989101036418689628e-01
3.611407695781939098e-01,-1.068112799436202742e-01,9.999999999999998890e-01,9.136174358302828757e-01,0.000000000000000000e+00,0.000000000000000000e+00,4.065749389065918540e-01
3.703599291276020167e-01,-1.140842981900506148e-01,1.000000000000000000e+00,9.101807673365404083e-01,0.000000000000000000e+00,0.000000000000000000e+00,4.142112634521984971e-01
3.796995991312045460e-01,-1.212019004151091428e-01,9.999999999999998890e-01,9.066802731966026041e-01,0.000000000000000000e+00,0.000000000000000000e+00,4.218185417879753984e-01
3.891571598895126605e-01,-1.281620901907737364e-01,1.000000000000000000e+00,9.031161988796211348e-01,0.000000000000000000e+00,0.000000000000000000e+00,4.293962404600493721e-01
3.987299586356640724e-01,-1.349629152418999611e-01,1.000000000000000000e+00,8.994887943132525709e-01,0.000000000000000000e+00,0.000000000000000000e+00,4.369438280887957826e-01
4.084153102795035628e-01,-1.416024679938200359e-01,9.999999999999998890e-01,8.957983138661331779e-01,0.000000000000000000e+00,0.000000000000000000e+00,4.444607754061012939e-01
4.182104981607264738e-01,-1.480788861073992768e-01,1.000000000000000000e+00,8.920450163300409629e-01,0.000000000000000000e+00,0.000000000000000000e+00,4.519465552924780694e-01
4.281127748108810027e-01,-1.543903530014073544e-01,1.000000000000000222e+00,8.882291649017489688e-01,0.000000000000000000e+00,0.000000000000000000e+00,4.594006428140275933e-01
4.381193627240086430e-01,-1.605350983620547067e-01,1.000000000000000000e+00,8.843510271645678156e-01,0.000000000000000000e+00,0.000000000000000000e+00,4.668225152592512250e-01
4.482274551357131598e-01,-1.665113986395504453e-01,1.000000000000000000e+00,8.804108750695824881e-01,0.000000000000000000e+00,0.000000000000000000e+00,4.742116521757051562e-01
4.584342168104326154e-01,-1.723175775315433089e-01,1.000000000000000000e+00,8.764089849165817014e-01,0.000000000000000000e+00,0.000000000000000000e+00,4.815675354064961056e-01
4.687367848367012813e-01,-1.779520064533121060e-01,1.000000000000000000e+00,8.723456373346821779e-01,0.000000000000000000e+00,0.000000000000000000e+00,4.888896491266175315e-01
4.791322694301702878e-01,-1.834131049945670888e-01,1.000000000000000000e+00,8.682211172626504991e-01,0.000000000000000000e+00,0.000000000000000000e+00,4.961774798791204200e-01
4.896177547441696865e-01,-1.886993413627455762e-01,1.000000000000000000e+00,8.640357139289216448e-01,0.000000000000000000e+00,0.000000000000000000e+00,5.034305166111194829e-01
5.001902996875791096e-01,-1.938092328126631569e-01,1.000000000000000000e+00,8.597897208313169948e-01,0.000000000000000000e+00,0.000000000000000000e+00,5.106482507096308243e-01
5.108469387497776015e-01,-1.987413460624145589e-01,1.000000000000000000e+00,8.554834357164633474e-01,0.000000000000000000e+00,0.000000000000000000e+00,5.178301760372368001e-01
5.215846828324464113e-01,-2.034942976953958427e-01,9.999999999999998890e-01,8.511171605589135103e-01,0.000000000000000000e+00,0.000000000000000000e+00,5.249757889675794598e-01
5.324005200879857735e-01,-2.080667545483407821e-01,1.000000000000000000e+00,8.466912015399705727e-01,0.000000000000000000e+00,0.000000000000000000e+00,5.320845884206767407e-01
5.432914167643114745e-01,-2.124574340852630749e-01,1.000000000000000000e+00,8.422058690262170799e-01,0.000000000000000000e+00,0.000000000000000000e+00,5.391560758980598056e-01
5.542543180557990556e-01,-2.166651047571966915e-01,1.000000000000000000e+00,8.376614775477514430e-01,0.000000000000000000e+00,0.000000000000000000e+00,5.461897555177301911e-01
5.652861489601308520e-01,-2.206885863476337750e-01,1.000000000000000000e+00,8.330583457761310262e-01,0.000000000000000000e+00,0.000000000000000000e+00,5.531851340489332136e-01
5.763838151408069432e-01,-2.245267503035668355e-01,1.000000000000000000e+00,8.283967965020258006e-01,0.000000000000000000e+00,0.000000000000000000e+00,5.601417209467450808e-01
5.875442037950828755e-01,-2.281785200520403123e-01,1.000000000000000000e+00,8.236771566125833388e-01,0.000000000000000000e+00,0.000000000000000000e+00,5.670590283864721526e-01
5.987641845270827989e-01,-2.316428713021155827e-01,1.000000000000000000e+00,8.188997570685058180e-01,0.000000000000000000e+00,0.000000000000000000e+00,5.739365712978587997e-01
6.100406102258515428e-01,-2.349188323321803606e-01,1.000000000000000000e+00,8.140649328808413632e-01,0.000000000000000000e+00,0.000000000000000000e+00,5.807738673991033052e-01
6.213703179480909444e-01,-2.380054842625053402e-01,1.000000000000000000e+00,8.091730230874922825e-01,0.000000000000000000e+00,0.000000000000000000e+00,5.875704372306767009e-01
6.327501298053401779e-01,-2.409019613129851356e-01,9.999999999999998890e-01,8.042243707294401966e-01,0.000000000000000000e+00,0.000000000000000000e+00,5.943258041889447618e-01
6.441768538553473977e-01,-2.436074510459803610e-01,1.000000000000000000e+00,7.992193228266897265e-01,0.000000000000000000e+00,0.000000000000000000e+00,6.010394945595900484e-01
6.556472849973811190e-01,-2.461211945942004542e-01,1.000000000000000000e+00,7.941582303539357346e-01,0.000000000000000000e+00,0.000000000000000000e+00,6.077110375508291140e-01
6.671582058712353103e-01,-2.484424868735597425e-01,1.000000000000000000e+00,7.890414482159497922e-01,0.000000000000000000e+00,0.000000000000000000e+00,6.143399653264278726e-01
6.787063877596737349e-01,-2.505706767809458002e-01,1.000000000000000000e+00,7.838693352226937527e-01,0.000000000000000000e+00,0.000000000000000000e+00,6.209258130385080232e-01
6.902885914940540824e-01,-2.525051673768516913e-01,9.999999999999998890e-01,7.786422540641582124e-01,0.000000000000000000e+00,0.000000000000000000e+00,6.274681188601431980e-01
7.019015683628926361e-01,-2.542454160528107021e-01,1.000000000000000000e+00,7.733605712849295211e-01,0.000000000000000000e+00,0.000000000000000000e+00,6.339664240177451671e-01
7.135420610230963634e-01,-2.557909346835918196e-01,9.999999999999998890e-01,7.680246572584853437e-01,0.000000000000000000e+00,0.000000000000000000e+00,6.404202728232344377e-01
7.252068044136239511e-01,-2.571412897641180972e-01,1.000000000000000000e+00,7.626348861612236574e-01,0.000000000000000000e+00,0.000000000000000000e+00,6.468292127059951380e-01
7.368925266713047817e-01,-2.582961025310595016e-01,1.000000000000000000e+00,7.571916359462228518e-01,0.000000000000000000e+00,0.000000000000000000e+00,6.531927942446110746e-01
7.485959500485727114e-01,-2.592550490690731513e-01,1.000000000000000000e+00,7.516952883167390409e-01,0.000000000000000000e+00,0.000000000000000000e+00,6.595105711983808572e-01
7.603137918328450873e-01,-2.600178604016564199e-01,1.000000000000000000e+00,7.461462286994386961e-01,0.000000000000000000e+00,0.000000000000000000e+00,6.657821005386108659e-01
7.720427652672945396e-01,-2.605843225665989138e-01,9.999999999999998890e-01,7.405448462173715996e-01,0.000000000000000000e+00,0.000000000000000000e+00,6.720069424796810686e-01
7.837795804727628601e-01,-2.609542766759904708e-01,1.000000000000000000e+00,7.348915336626831163e-01,0.000000000000000000e+00,0.000000000000000000e+00,6.781846605098861280e-01
7.955209453705354150e-01,-2.611276189607898424e-01,1.000000000000000000e+00,7.291866874690707823e-01,0.000000000000000000e+00,0.000000000000000000e+00,6.843148214220438064e-01
8.072635666057506043e-01,-2.611043007999334087e-01,1.000000000000000000e+00,7.234307076839843198e-01,0.000000000000000000e+00,0.000000000000000000e+00,6.903969953438743312e-01
8.190041504711536025e-01,-2.608843287339713823e-01,1.000000000000000222e+00,7.176239979405728553e-01,0.000000000000000000e+00,0.000000000000000000e+00,6.964307557681443939e-01
8.307394038309529050e-01,-2.604677644632318323e-01,1.000000000000000000e+00,7.117669654293800052e-01,0.000000000000000000e+00,0.000000000000000000e+00,7.024156795825757804e-01
8.424660350445229984e-01,-2.598547248305161927e-01,1.000000000000000000e+00,7.058600208697906053e-01,0.000000000000000000e+00,0.000000000000000000e+00,7.083513470995158601e-01
8.541807548896754865e-01,-2.590453817883253684e-01,1.000000000000000000e+00,6.999035784812293048e-01,0.000000000000000000e+00,0.000000000000000000e+00,7.142373420853671551e-01
8.658802774852623063e-01,-2.580399623506267615e-01,1.000000000000000000e+00,6.938980559541130244e-01,0.000000000000000000e+00,0.000000000000000000e+00,7.200732517897763252e-01
8.775613212128376972e-01,-2.568387485291837580e-01,1.000000000000000000e+00,6.878438744205618294e-01,0.000000000000000000e+00,0.000000000000000000e+00,7.258586669745773490e-01
8.892206096371227941e-01,-2.554420772544468976e-01,1.000000000000000000e+00,6.817414584248667753e-01,0.000000000000000000e+00,0.000000000000000000e+00,7.315931819424889015e-01
9.008548724250217132e-01,-2.538503402810529108e-01,1.000000000000000000e+00,6.755912358937189444e-01,0.000000000000000000e+00,0.000000000000000000e+00,7.372763945655641526e-01
