-4.500000000000000111e-01,5.500000000000000444e-01,6.500000000000000222e-01,1.000000000000000000e+00,0.000000000000000000e+00,0.000000000000000000e+00,0.000000000000000000e+00
-4.492740097551066181e-01,5.433066906925728690e-01,6.500000000000000222e-01,9.999649379285491246e-01,0.000000000000000000e+00,0.000000000000000000e+00,8.373942533410640848e-03
-4.484360264827332854e-01,5.366264784687139189e-01,6.500000000000000222e-01,9.998597541728942995e-01,0.000000000000000000e+00,0.000000000000000000e+00,1.674729785127841708e-02
-4.474862852301944027e-01,5.299612370722004417e-01,6.500000000000000222e-01,9.996844561089560655e-01,0.000000000000000000e+00,0.000000000000000000e+00,2.511947877923845218e-02
-4.464250523919849334e-01,5.233128360476173579e-01,6.500000000000000222e-01,9.994390560293611170e-01,0.000000000000000000e+00,0.000000000000000000e+00,3.348989822527895927e-02
-4.452526256350592404e-01,5.166831402159659525e-01,6.499999999999999112e-01,9.991235711425796584e-01,0.000000000000000000e+00,0.000000000000000000e+00,4.185796922091054167e-02
-4.439693338153377078e-01,5.100740091515970631e-01,6.500000000000000222e-01,9.987380235717188137e-01,0.000000000000000000e+00,0.000000000000000000e+00,5.022310496232691712e-02
-4.425755368854656924e-01,5.034872966606156464e-01,6.500000000000000222e-01,9.982824403529716450e-01,0.000000000000000000e+00,0.000000000000000000e+00,5.858471885155393938e-02
-4.410716257938497864e-01,4.969248502609041607e-01,6.499999999999999112e-01,9.977568534337208916e-01,0.000000000000000000e+00,0.000000000000000000e+00,6.694222453758436053e-02
-4.394580223749997572e-01,4.903885106639090385e-01,6.500000000000000222e-01,9.971612996702988729e-01,0.000000000000000000e+00,0.000000000000000000e+00,7.529503595749514888e-02
-4.377351792312078604e-01,4.838801112583361874e-01,6.499999999999999112e-01,9.964958208254025562e-01,0.000000000000000000e+00,0.000000000000000000e+00,8.364256737754464932e-02
-4.359035796055974465e-01,4.774014775959013468e-01,6.500000000000001332e-01,9.957604635651658986e-01,0.000000000000000000e+00,0.000000000000000000e+00,9.198423343424670662e-02
-4.339637372465773302e-01,4.709544268792772437e-01,6.499999999999999112e-01,9.949552794558861324e-01,0.000000000000000000e+00,0.000000000000000000e+00,1.003194491754187262e-01
-4.319161962637396712e-01,4.645407674523844288e-01,6.500000000000000222e-01,9.940803249604091008e-01,0.000000000000000000e+00,0.000000000000000000e+00,1.086476301012009593e-01
-4.297615309752418900e-01,4.581622982931649601e-01,6.500000000000000222e-01,9.931356614341687594e-01,0.000000000000000000e+00,0.000000000000000000e+00,1.169681922050440082e-01
-4.275003457467149159e-01,4.518208085089846504e-01,6.499999999999999112e-01,9.921213551208851733e-01,0.000000000000000000e+00,0.000000000000000000e+00,1.252805520146619278e-01
-4.251332748217441226e-01,4.455180768348033227e-01,6.500000000000000222e-01,9.910374771479192324e-01,0.000000000000000000e+00,0.000000000000000000e+00,1.335841266329475807e-01
-4.226609821439687997e-01,4.392558711342542388e-01,6.500000000000000222e-01,9.898841035212848638e-01,0.000000000000000000e+00,0.000000000000000000e+00,1.418783337788478149e-01
-4.200841611708518997e-01,4.330359479037733661e-01,6.500000000000000222e-01,9.886613151203190730e-01,0.000000000000000000e+00,0.000000000000000000e+00,1.501625918281954963e-01
-4.174035346791706846e-01,4.268600517799166494e-01,6.500000000000000222e-01,9.873691976920102586e-01,0.000000000000000000e+00,0.000000000000000000e+00,1.584363198544952722e-01
-4.146198545622841181e-01,4.207299150500042328e-01,6.500000000000000222e-01,9.860078418449857995e-01,0.000000000000000000e+00,0.000000000000000000e+00,1.666989376696608183e-01
-4.117339016192330670e-01,4.146472571662278561e-01,6.500000000000000222e-01,9.845773430431575823e-01,0.000000000000000000e+00,0.000000000000000000e+00,1.749498658646996274e-01
-4.087464853357325456e-01,4.086137842633595363e-01,6.500000000000000222e-01,9.830778015990280227e-01,0.000000000000000000e+00,0.000000000000000000e+00,1.831885258503438696e-01
-4.056584436571175067e-01,4.026311886801942630e-01,6.499999999999999112e-01,9.815093226666555815e-01,0.000000000000000000e+00,0.000000000000000000e+00,1.914143398976234645e-01
-4.024706427533069619e-01,3.967011484848637637e-01,6.499999999999999112e-01,9.798720162342811069e-01,0.000000000000000000e+00,0.000000000000000000e+00,1.996267311783786191e-01
-3.991839767758494917e-01,3.908253270041519567e-01,6.500000000000000222e-01,9.781659971166148937e-01,0.000000000000000000e+00,0.000000000000000000e+00,2.078251238057096384e-01
-3.957993676071220879e-01,3.850053723569456521e-01,6.500000000000000222e-01,9.763913849467852346e-01,0.000000000000000000e+00,0.000000000000000000e+00,2.160089428743603435e-01
-3.923177646017491638e-01,3.792429169919515619e-01,6.500000000000000222e-01,9.745483041679495750e-01,0.000000000000000000e+00,0.000000000000000000e+00,2.241776145010328514e-01
-3.887401443203172824e-01,3.735395772298071293e-01,6.500000000000000222e-01,9.726368840245677161e-01,0.000000000000000000e+00,0.000000000000000000e+00,2.323305658646307448e-01
-3.850675102554571017e-01,3.678969528097167374e-01,6.500000000000000222e-01,9.706572585533391750e-01,0.000000000000000000e+00,0.000000000000000000e+00,2.404672252464274962e-01
-3.813008925503728053e-01,3.623166264407382542e-01,6.499999999999999112e-01,9.686095665738031490e-01,0.000000000000000000e+00,0.000000000000000000e+00,2.485870220701578703e-01
-3.774413477098954028e-01,3.568001633578457565e-01,6.500000000000000222e-01,9.664939516786047458e-01,0.000000000000000000e+00,0.000000000000000000e+00,2.566893869420291407e-01
-3.734899583041415561e-01,3.513491108828948883e-01,6.500000000000000222e-01,9.643105622234252605e-01,0.000000000000000000e+00,0.000000000000000000e+00,2.647737516906490951e-01
-3.694478326648622524e-01,3.459649979906116446e-01,6.500000000000000222e-01,9.620595513165787205e-01,0.000000000000000000e+00,0.000000000000000000e+00,2.728395494068688309e-01
-3.653161045745644819e-01,3.406493348797273724e-01,6.500000000000000222e-01,9.597410768082756949e-01,0.000000000000000000e+00,0.000000000000000000e+00,2.808862144835367891e-01
-3.610959329484951241e-01,3.354036125493814469e-01,6.500000000000000222e-01,9.573553012795539274e-01,0.000000000000000000e+00,0.000000000000000000e+00,2.889131826551611382e-01
-3.567885015095744738e-01,3.302293023809077521e-01,6.500000000000000222e-01,9.549023920308774560e-01,0.000000000000000000e+00,0.000000000000000000e+00,2.969198910374789002e-01
-3.523950184563723886e-01,3.251278557251250367e-01,6.500000000000000222e-01,9.523825210704051081e-01,0.000000000000000000e+00,0.000000000000000000e+00,3.049057781669270439e-01
-3.479167161242182615e-01,3.201007034952443875e-01,6.500000000000000222e-01,9.497958651019281495e-01,0.000000000000000000e+00,0.000000000000000000e+00,3.128702840400154339e-01
-3.433548506395411315e-01,3.151492557655108939e-01,6.500000000000000222e-01,9.471426055124791965e-01,0.000000000000000000e+00,0.000000000000000000e+00,3.208128501525961962e-01
-3.387107015675371868e-01,3.102749013756890273e-01,6.499999999999999112e-01,9.444229283596130564e-01,0.000000000000000000e+00,0.000000000000000000e+00,3.287329195390281122e-01
-3.339855715532619729e-01,3.054790075415047546e-01,6.500000000000000222e-01,9.416370243583589428e-01,0.000000000000000000e+00,0.000000000000000000e+00,3.366299368112337653e-01
-3.291807859562496663e-01,3.007629194711530785e-01,6.499999999999999112e-01,9.387850888678471728e-01,0.000000000000000000e+00,0.000000000000000000e+00,3.445033481976454981e-01
-3.242976924787603910e-01,2.961279599879780844e-01,6.499999999999999112e-01,9.358673218776096814e-01,0.000000000000000000e+00,0.000000000000000000e+00,3.523526015820380719e-01
-3.193376607877613793e-01,2.915754291594326308e-01,6.500000000000000222e-01,9.328839279935557949e-01,0.000000000000000000e+00,0.000000000000000000e+00,3.601771465422455298e-01
-3.143020821307465629e-01,2.871066039324196018e-01,6.500000000000000222e-01,9.298351164236244859e-01,0.000000000000000000e+00,0.000000000000000000e+00,3.679764343887589328e-01
-3.091923689455033375e-01,2.827227377751193593e-01,6.500000000000000222e-01,9.267211009631141083e-01,0.000000000000000000e+00,0.000000000000000000e+00,3.757499182032028040e-01
-3.040099544639355833e-01,2.784250603254020406e-01,6.500000000000001332e-01,9.235420999796898345e-01,0.000000000000000000e+00,0.000000000000000000e+00,3.834970528766872833e-01
-2.987562923100541279e-01,2.742147770459248957e-01,6.500000000000000222e-01,9.202983363980706821e-01,0.000000000000000000e+00,0.000000000000000000e+00,3.912172951480333838e-01
-2.934328560922471185e-01,2.700930688860097573e-01,6.500000000000000222e-01,9.169900376843977963e-01,0.000000000000000000e+00,0.000000000000000000e+00,3.989101036418689628e-01
-2.880411389899453223e-01,2.660610919503963445e-01,6.499999999999999112e-01,9.136174358302828757e-01,0.000000000000000000e+00,0.000000000000000000e+00,4.065749389065918540e-01
-2.825826533347979841e-01,2.621199771749653795e-01,6.500000000000000222e-01,9.101807673365404083e-01,0.000000000000000000e+00,0.000000000000000000e+00,4.142112634521984971e-01
-2.770589301864757603e-01,2.582708300095195031e-01,6.499999999999999112e-01,9.066802731966026041e-01,0.000000000000000000e+00,0.000000000000000000e+00,4.218185417879753984e-01
-2.714715189032220199e-01,2.545147301077142488e-01,6.500000000000000222e-01,9.031161988796211348e-01,0.000000000000000000e+00,0.000000000000000000e+00,4.293962404600493721e-01
-2.658219867072704745e-01,2.508527310242248398e-01,6.500000000000000222e-01,8.994887943132525709e-01,0.000000000000000000e+00,0.000000000000000000e+00,4.369438280887957826e-01
-2.601119182452521494e-01,2.472858599192316320e-01,6.499999999999999112e-01,8.957983138661331779e-01,0.000000000000000000e+00,0.000000000000000000e+00,4.444607754061012939e-01
-2.543429151437157643e-01,2.438151172703113823e-01,6.500000000000000222e-01,8.920450163300409629e-01,0.000000000000000000e+00,0.000000000000000000e+00,4.519465552924780694e-01
-2.485165955598842014e-01,2.404414765918110874e-01,6.500000000000001332e-01,8.882291649017489688e-01,0.000000000000000000e+00,0.000000000000000000e+00,4.594006428140275933e-01
-2.426345937277756271e-01,2.371658841617851066e-01,6.500000000000000222e-01,8.843510271645678156e-01,0.000000000000000000e+00,0.000000000000000000e+00,4.668225152592512250e-01
-2.366985594998140541e-01,2.339892587565729487e-01,6.500000000000000222e-01,8.804108750695824881e-01,0.000000000000000000e+00,0.000000000000000000e+00,4.742116521757051562e-01
-2.307101578840594913e-01,2.309124913930891143e-01,6.500000000000000222e-01,8.764089849165817014e-01,0.000000000000000000e+00,0.000000000000000000e+00,4.815675354064961056e-01
-2.246710685771871885e-01,2.279364450789010954e-01,6.500000000000000222e-01,8.723456373346821779e-01,0.000000000000000000e+00,0.000000000000000000e+00,4.888896491266175315e-01
-2.185829854933467598e-01,2.250619545701626756e-01,6.500000000000000222e-01,8.682211172626504991e-01,0.000000000000000000e+00,0.000000000000000000e+00,4.961774798791204200e-01
-2.124476162890335251e-01,2.222898261374714468e-01,6.500000000000000222e-01,8.640357139289216448e-01,0.000000000000000000e+00,0.000000000000000000e+00,5.034305166111194829e-01
-2.062666818841045191e-01,2.196208373397173785e-01,6.500000000000000222e-01,8.597897208313169948e-01,0.000000000000000000e+00,0.000000000000000000e+00,5.106482507096308243e-01
-2.000419159790757517e-01,2.170557368059833347e-01,6.500000000000000222e-01,8.554834357164633474e-01,0.000000000000000000e+00,0.000000000000000000e+00,5.178301760372368001e-01
-1.937750645688330609e-01,2.145952440255612381e-01,6.499999999999999112e-01,8.511171605589135103e-01,0.000000000000000000e+00,0.000000000000000000e+00,5.249757889675794598e-01
-1.874678854528950001e-01,2.122400491461413075e-01,6.500000000000000222e-01,8.466912015399705727e-01,0.000000000000000000e+00,0.000000000000000000e+00,5.320845884206767407e-01
-1.811221477423652082e-01,2.099908127802311286e-01,6.500000000000000222e-01,8.422058690262170799e-01,0.000000000000000000e+00,0.000000000000000000e+00,5.391560758980598056e-01
-1.747396313637115117e-01,2.078481658198597370e-01,6.500000000000000222e-01,8.376614775477514430e-01,0.000000000000000000e+00,0.000000000000000000e+00,5.461897555177301911e-01
-1.683221265595108984e-01,2.058127092596175878e-01,6.500000000000000222e-01,8.330583457761310262e-01,0.000000000000000000e+00,0.000000000000000000e+00,5.531851340489332136e-01
-1.618714333863018051e-01,2.038850140280822065e-01,6.500000000000000222e-01,8.283967965020258006e-01,0.000000000000000000e+00,0.000000000000000000e+00,5.601417209467450808e-01
-1.553893612096830246e-01,2.020656208276779553e-01,6.500000000000000222e-01,8.236771566125833388e-01,0.000000000000000000e+00,0.000000000000000000e+00,5.670590283864721526e-01
-1.488777281968024502e-01,2.003550399830131279e-01,6.500000000000000222e-01,8.188997570685058180e-01,0.000000000000000000e+00,0.000000000000000000e+00,5.739365712978587997e-01
-1.423383608063752137e-01,1.987537512977387011e-01,6.500000000000000222e-01,8.140649328808413632e-01,0.000000000000000000e+00,0.000000000000000000e+00,5.807738673991033052e-01
-1.357730932763782095e-01,1.972622039199667943e-01,6.500000000000000222e-01,8.091730230874922825e-01,0.000000000000000000e+00,0.000000000000000000e+00,5.875704372306767009e-01
-1.291837671095613094e-01,1.958808162162886946e-01,6.499999999999999112e-01,8.042243707294401966e-01,0.000000000000000000e+00,0.000000000000000000e+00,5.943258041889447618e-01
-1.225722305569210968e-01,1.946099756544266146e-01,6.500000000000000222e-01,7.992193228266897265e-01,0.000000000000000000e+00,0.000000000000000000e+00,6.010394945595900484e-01
-1.159403380992821281e-01,1.934500386945519068e-01,6.500000000000000222e-01,7.941582303539357346e-01,0.000000000000000000e+00,0.000000000000000000e+00,6.077110375508291140e-01
-1.092899499271306751e-01,1.924013306893011532e-01,6.500000000000000222e-01,7.890414482159497922e-01,0.000000000000000000e+00,0.000000000000000000e+00,6.143399653264278726e-01
-1.026229314188457781e-01,1.914641457925178591e-01,6.500000000000000222e-01,7.838693352226937527e-01,0.000000000000000000e+00,0.000000000000000000e+00,6.209258130385080232e-01
-9.594115261747779289e-02,1.906387468767435922e-01,6.499999999999999112e-01,7.786422540641582124e-01,0.000000000000000000e+00,0.000000000000000000e+00,6.274681188601431980e-01
-8.924648770621584903e-02,1.899253654594859342e-01,6.500000000000000222e-01,7.733605712849295211e-01,0.000000000000000000e+00,0.000000000000000000e+00,6.339664240177451671e-01
-8.254081448269515175e-02,1.893242016382785387e-01,6.499999999999999112e-01,7.680246572584853437e-01,0.000000000000000000e+00,0.000000000000000000e+00,6.404202728232344377e-01
-7.582601383229072012e-02,1.888354240345562207e-01,6.500000000000000222e-01,7.626348861612236574e-01,0.000000000000000000e+00,0.000000000000000000e+00,6.468292127059951380e-01
-6.910396920054484582e-02,1.884591697463572912e-01,6.500000000000000222e-01,7.571916359462228518e-01,0.000000000000000000e+00,0.000000000000000000e+00,6.531927942446110746e-01
-6.237656606487602950e-02,1.881955443098698444e-01,6.500000000000000222e-01,7.516952883167390409e-01,0.000000000000000000e+00,0.000000000000000000e+00,6.595105711983808572e-01
-5.564569140571811595e-02,1.880446216698282713e-01,6.500000000000000222e-01,7.461462286994386961e-01,0.000000000000000000e+00,0.000000000000000000e+00,6.657821005386108659e-01
-4.891323317723868247e-02,1.880064441587739332e-01,6.499999999999999112e-01,7.405448462173715996e-01,0.000000000000000000e+00,0.000000000000000000e+00,6.720069424796810686e-01
-4.218107977778313977e-02,1.880810224851796053e-01,6.500000000000000222e-01,7.348915336626831163e-01,0.000000000000000000e+00,0.000000000000000000e+00,6.781846605098861280e-01
-3.545111952019478624e-02,1.882683357304476002e-01,6.500000000000000222e-01,7.291866874690707823e-01,0.000000000000000000e+00,0.000000000000000000e+00,6.843148214220438064e-01
-2.872524010215900953e-02,1.885683313547756035e-01,6.500000000000000222e-01,7.234307076839843198e-01,0.000000000000000000e+00,0.000000000000000000e+00,6.903969953438743312e-01
-2.200532807672010704e-02,1.889809252118947458e-01,6.500000000000001332e-01,7.176239979405728553e-01,0.000000000000000000e+00,0.000000000000000000e+00,6.964307557681443939e-01
-1.529326832311816292e-02,1.895060015726715841e-01,6.500000000000000222e-01,7.117669654293800052e-01,0.000000000000000000e+00,0.000000000000000000e+00,7.024156795825757804e-01
-8.590943518096326448e-03,1.901434131575690523e-01,6.500000000000000222e-01,7.058600208697906053e-01,0.000000000000000000e+00,0.000000000000000000e+00,7.083513470995158601e-01
-1.900233607826498639e-03,1.908929811779571939e-01,6.500000000000000222e-01,6.999035784812293048e-01,0.000000000000000000e+00,0.000000000000000000e+00,7.142373420853671551e-01
4.776984719400731438e-03,1.917544953862623247e-01,6.500000000000000222e-01,6.938980559541130244e-01,0.000000000000000000e+00,0.000000000000000000e+00,7.200732517897763252e-01
1.143883855957135431e-02,1.927277141349386658e-01,6.500000000000000222e-01,6.878438744205618294e-01,0.000000000000000000e+00,0.000000000000000000e+00,7.258586669745773490e-01
1.808345931828141129e-02,1.938123644442497628e-01,6.500000000000000222e-01,6.817414584248667753e-01,0.000000000000000000e+00,0.000000000000000000e+00,7.315931819424889015e-01
2.470898323486318132e-02,1.950081420788359887e-01,6.500000000000000222e-01,6.755912358937189444e-01,0.000000000000000000e+00,0.000000000000000000e+00,7.372763945655641526e-01
